,x,y,random
0,1.6789659457999795,2.274868327937356,0.0
1,2.4014376731644544,3.4302615799400193,0.0
2,1.3941695130695175,2.975214908636516,1.0
3,0.6846078233501618,2.1546015062323307,0.0
4,0.1432029515768618,2.5521369296693557,1.0
5,4.632679813611813,3.9567867017892437,0.0
6,0.03902911505147988,2.4195197365394283,1.0
7,0.1858388705123326,3.7384731413045706,0.0
8,4.664508517014118,3.972380289144364,0.0
9,0.24065229831252033,2.0821372017699886,1.0
10,4.746174465636252,2.4596375167789835,1.0
11,1.3781884911299414,3.102851468522494,0.0
12,3.177098244080173,2.926824106269775,1.0
13,3.848070024159071,3.3585006755761997,0.0
14,1.0095708632555183,2.6586748556681643,0.0
15,0.06582598658666061,3.067195017417048,1.0
16,1.3976141661741464,2.3853697326377334,1.0
17,3.891527912866483,3.1062238149057952,0.0
18,3.180234617892696,3.3902660076376447,1.0
19,0.94718633968704,2.9375325021364866,1.0
20,4.197615178193156,2.189761748360433,1.0
21,2.1673600034122376,2.05181255073916,0.0
22,2.2752527601014165,2.083812540630668,1.0
23,4.882357351674182,2.622433369294039,1.0
24,0.39335682009469963,2.2981733569519975,0.0
25,2.939073562501735,3.240764184417417,0.0
26,3.194112235832467,3.1427380060001258,1.0
27,0.4687853948026849,2.6428249211854813,0.0
28,3.764741880458974,2.5611592833081476,0.0
29,2.751606370200305,2.6601169907428828,1.0
30,2.713189463781029,2.103750054915856,1.0
31,2.383269805512993,3.9382809290687577,1.0
32,4.664698772628709,3.1923134310831935,1.0
33,2.1152249550298983,3.19796908155333,0.0
34,3.0737644862816897,3.246224744374719,0.0
35,3.7440413523199085,3.594478189563525,1.0
36,3.222386521882882,3.747583574124678,1.0
37,2.584468523783314,2.844221836836809,0.0
38,0.855858418773694,2.4803258917194286,0.0
39,0.41498213966077724,3.8347193779700284,0.0
40,4.245404744569638,2.76649278864904,1.0
41,3.9382605582796093,3.8751273105353667,0.0
42,4.506017688136127,2.2787609867157252,1.0
43,3.086054243750394,2.7618295501555634,1.0
44,1.627583851122144,3.141092837191219,1.0
45,3.457433754125047,2.45399368008177,1.0
46,0.13731055061801944,3.4846869184049356,1.0
47,4.90659064568371,2.006932563729646,1.0
48,0.152163132241262,2.0348234106278196,1.0
49,3.3649376190049782,2.584161151920785,1.0
50,0.9526299851201903,2.9611140789170225,0.0
51,4.029793120466158,3.8426992216347458,0.0
52,0.875869549616809,3.163932616506787,0.0
53,2.977033332765097,3.9936406242305225,1.0
54,1.6724944399204733,3.1823619602659488,0.0
55,3.1967690412168537,3.765520007840223,0.0
56,3.134235285321945,2.945994698890025,0.0
57,3.1556488304633445,3.2785957893266944,0.0
58,4.206190254943979,3.4866165540763148,1.0
59,4.914628574184317,3.4481665454588457,1.0
60,4.827812803430457,2.5115968057099654,0.0
61,0.6301595269161842,3.837936638767723,0.0
62,3.886561707933098,2.702568639967848,1.0
63,1.7445034881650812,3.6497630586951706,0.0
64,3.5272261619698804,3.901966982131482,1.0
65,1.21066188892281,2.5221760318724673,1.0
66,0.5166571149519772,2.250696720573944,0.0
67,4.772263650317939,3.359459540727445,0.0
68,4.175626236321558,3.180534767164214,0.0
69,4.085136036502285,3.8825915934652535,0.0
70,3.447292349285989,3.5269576248374825,1.0
71,0.0691914241782593,2.787978030145858,0.0
72,0.14292732453746237,3.1783046901814282,0.0
73,0.23615987390147863,3.9211560477866594,0.0
74,3.161078075549841,2.670535908226432,1.0
75,1.1431042934038926,2.162903849340702,1.0
76,0.29384122689275316,2.2864225587008913,1.0
77,0.5193818559226182,3.273039914395552,0.0
78,0.904088733450924,2.7803221220819516,0.0
79,2.893171309288869,3.381180169329549,1.0
80,0.44747053628049316,2.2234407643438727,0.0
81,4.941057578183937,2.4800831687459954,1.0
82,4.069983648661758,2.013610738184536,1.0
83,1.8858912008723179,2.996575178619314,0.0
84,2.0905168790323825,2.501577575067978,0.0
85,1.0335231126975701,3.8576756764129163,0.0
86,0.603268843139364,2.7372676862046497,0.0
87,0.8980167084644908,2.815559456031662,1.0
88,1.573114354619582,2.5148854865959978,1.0
89,2.883639793471495,2.1705018837427312,1.0
90,1.838523958577063,3.1547196574188074,1.0
91,3.4463531598045716,3.3200313529533676,1.0
92,3.3369031388426142,2.050452465859881,0.0
93,3.8880747975651127,3.926996338771049,1.0
94,2.773452439566839,3.33003674602986,0.0
95,3.1500335863643008,2.457011261592391,0.0
96,4.990787403899728,3.218858766584235,1.0
97,0.5378643396908978,3.7091817452769553,0.0
98,2.7323045896633316,3.6816997993596052,0.0
99,2.1051440589308297,3.642817776270966,0.0
100,0.6579060828472821,2.495409673455291,0.0
101,4.233877427303126,2.1198120352413046,1.0
102,2.128002584384388,3.629204042222127,1.0
103,2.2860896167893516,2.8351689496664303,1.0
104,2.0091610354071676,2.5578900199430903,1.0
105,2.937396997597811,2.6887122851191694,1.0
106,0.870236292809653,2.3709617578965725,1.0
107,1.1225859464143484,3.512398169681137,0.0
108,1.8865116508759723,3.378611703160363,1.0
109,2.5507549358329484,2.436094485206077,0.0
110,1.5829246571190614,3.5937305626754723,1.0
111,0.640608724096513,2.9712258583681077,0.0
112,4.965867620708633,3.810820360045096,1.0
113,3.883259440346766,2.1807677010300672,1.0
114,4.973113336697791,3.5088184199428007,1.0
115,1.9563870363435294,2.4283481022835502,1.0
116,4.561364904400821,3.0006332201834574,0.0
117,2.3928439715659544,2.9517997486481304,0.0
118,2.2577339375811336,3.850893833343844,1.0
119,4.271194370108025,2.1537577980180895,1.0
120,4.815357146279781,3.0413190219369994,1.0
121,2.414776728462048,3.506054763206639,1.0
122,4.610455027130215,2.733584630274909,1.0
123,1.1218596494875372,3.363684752875975,0.0
124,4.476242738119846,3.8894937732070636,0.0
125,1.6471494180670314,3.3542004147376243,0.0
126,1.5689888999925379,2.17035306059955,1.0
127,4.484893498792449,2.119164821293782,1.0
128,4.14582608932313,3.3927579270914707,0.0
129,3.0550414710129377,2.4312873379569235,0.0
130,4.123349658858429,2.1528879456815364,0.0
131,2.595056609801858,3.8416654315084977,0.0
132,1.776397120632054,3.881874432506274,1.0
133,0.9579613166201828,2.3162424139725575,0.0
134,1.974437035074728,2.9835055953230283,0.0
135,1.7127786509330678,2.54769899520579,1.0
136,4.163562334922046,2.8587562212089064,0.0
137,0.888448928758645,2.7530496883767115,0.0
138,4.159220621325828,3.123225392225801,0.0
139,0.8929482430520114,2.6237459751788053,0.0
140,0.4961459483040864,2.2686350952462155,0.0
141,2.884453133662179,3.9205794369946867,0.0
142,3.749510336813153,3.249806889974831,1.0
143,1.072121815407484,2.5557575045552428,0.0
144,3.294807369048348,3.5144134545022903,1.0
145,1.2512641665523472,3.6325391090728787,0.0
146,4.11797840016264,2.6769545506537886,0.0
147,0.9827192686520331,3.0094025106014364,0.0
148,2.00592699758277,2.3794587311377455,0.0
149,2.083446130051879,2.0843950746216193,1.0
150,1.861066107358853,2.466139315926019,1.0
151,4.199799189389653,3.991180791689035,0.0
152,3.945651731161762,3.9833510343044605,0.0
153,2.752378692476765,2.95299991082543,0.0
154,1.3566537441429234,3.68196212921072,0.0
155,3.853166446301251,3.540484837778539,1.0
156,0.8650534692107364,2.007349941000727,1.0
157,2.4209010558660884,2.5025296629098577,0.0
158,0.3330587480803432,2.5144648164546286,1.0
159,1.069595056235892,3.7171918863390117,1.0
160,0.025476243919361208,2.6258083388153883,0.0
161,2.285085386935788,2.6469679742018775,0.0
162,2.6539251247868627,3.022958182348799,1.0
163,2.8636740735062993,3.748195563892155,0.0
164,3.230221195782172,3.025160853594366,0.0
165,2.72607894378008,3.191927351357871,0.0
166,0.04130105119864946,2.3673674352392564,1.0
167,0.30079507426059027,2.4469295055731815,0.0
168,2.1742482581713496,2.534979800371309,1.0
169,0.3247968422278896,3.4689789443115218,1.0
170,2.487873490002185,2.340147645088157,0.0
171,3.642360165052665,2.417003441362916,1.0
172,4.854933363131871,3.7791445215704416,1.0
173,2.7333924406687045,3.234422372706903,0.0
174,1.309553289821308,2.808584086775973,1.0
175,1.2873926967833045,2.916747351805188,0.0
176,2.661543424775679,2.5881125909660727,1.0
177,3.6032105064300817,3.501539473734307,1.0
178,4.431618721549305,2.004706435306045,1.0
179,0.31102723686810885,3.437387381033514,0.0
180,1.3979034418822516,3.362186442635342,0.0
181,0.7624748611774745,3.8276656391766712,1.0
182,2.180755883578076,2.1541709991684375,1.0
183,1.1771914034284419,2.9298580948655593,1.0
184,0.28152375095321924,2.5249619711479303,1.0
185,0.15940741778476208,2.6760711916171056,0.0
186,2.765325463113895,2.5842266230224142,0.0
187,3.047954828051675,3.619970569103487,0.0
188,2.262374180735423,2.955983962790475,1.0
189,2.770769373132434,3.427728558027632,1.0
190,4.184377512245858,2.618004484378274,0.0
191,3.335646206592095,3.0297625236516965,1.0
192,1.8067677280704415,2.4159046820268784,0.0
193,2.0083777119932362,2.637083632720441,1.0
194,0.4145872830026909,2.3582802033559878,1.0
195,0.9663444837985774,2.2498016242229064,0.0
196,1.9183206033733997,3.428503293054405,0.0
197,1.9911542064275178,2.691092484375943,1.0
198,4.354909879134951,3.1200038399795735,0.0
199,2.4035305918855583,3.853432387816225,0.0
200,1.2872452758305686,3.8285544532602858,1.0
201,1.4628572345958313,2.766794923441995,0.0
202,3.191862365625116,3.8859739685693553,0.0
203,1.0496413751561189,3.599863281042655,0.0
204,0.8519676845728757,2.7020169100391893,0.0
205,1.3124973761642695,2.139983872422617,0.0
206,0.7717605136852074,2.792694143655642,1.0
207,2.7660333268758555,3.660012486076412,1.0
208,3.54632869124651,3.1803873411963552,0.0
209,4.964426610640597,3.563781922409478,0.0
210,1.716344155826695,3.938679086969337,0.0
211,2.039223788767427,2.366626134312943,1.0
212,4.507318958883598,3.728777947501236,0.0
213,3.8523149654935347,3.967502507407563,0.0
214,2.924721087816067,3.655686088975953,1.0
215,4.83851318098994,3.821140071753712,0.0
216,0.08753131792456015,3.5124692672884317,0.0
217,4.503984633291686,2.37897926779997,1.0
218,1.7094208670744826,2.925317795224018,0.0
219,3.355311567108876,3.3919218645857327,0.0
220,0.6260619908253057,2.7539296522762453,0.0
221,0.9507050318191712,3.979825477849836,1.0
222,4.407006858228343,2.1071390964065646,1.0
223,0.5383504812764223,3.5764174360080725,0.0
224,4.192802975023785,2.275325654256424,0.0
225,2.671029461678493,2.921000358822308,1.0
226,0.41609792028317993,2.7738577861630587,1.0
227,4.5727521856752915,3.3529437251399266,0.0
228,2.1090057509256543,3.6707015565804717,0.0
229,1.5751301860228013,2.219008781647679,1.0
230,3.26296950465041,2.5792033331030755,0.0
231,0.7757775351033952,2.105498189010485,0.0
232,1.9088933162935096,3.0578657035320402,1.0
233,1.8035736806854374,3.960465527455786,0.0
234,2.1618976873459648,3.184832685753923,1.0
235,0.6677579706789261,2.4633274831283716,1.0
236,4.143226803210248,2.058102965968807,0.0
237,2.4336633012288953,2.614833693557367,0.0
238,2.9319920335493204,2.815955331130815,0.0
239,1.0651357542805562,2.34570325229707,0.0
240,0.13874731592233014,3.0461591731665436,1.0
241,1.129080844623379,2.5694231038327047,0.0
242,1.2160459657762286,2.8804782323147844,0.0
243,2.3043087927363888,3.2781514365559232,0.0
244,1.7429376423469345,2.1145379929594124,1.0
245,4.6618160896240655,2.871396747119215,0.0
246,4.452268826480371,2.3659566630727467,0.0
247,1.9637755375169552,2.769799742038061,1.0
248,1.5989527798263559,2.5217513792881237,0.0
249,2.8441141145566173,3.8326536127721265,0.0
250,4.362269120242668,3.599421242200277,0.0
251,4.919844690247545,3.3947395818137784,1.0
252,4.52758188114397,2.0232195476453203,0.0
253,2.8253960637089865,3.8147683586914702,1.0
254,0.37598140011466774,3.957840666011302,0.0
255,4.092887370381455,3.0143779812287987,1.0
256,1.4918017285414726,3.3080296512144898,1.0
257,3.3651154051697887,3.115464652389093,1.0
258,2.141167513665956,2.2256277670372437,0.0
259,3.823244373974775,3.7641883368209914,0.0
260,0.22114893144201953,3.3980814792814447,1.0
261,1.4759399618513391,3.234036975271815,0.0
262,3.030363477328455,2.3054781310216033,0.0
263,3.206286441435828,3.0856952893670107,1.0
264,1.8681687667357838,3.7205217471320626,0.0
265,0.7770127157068685,2.8272260999454,1.0
266,1.6577896750388317,2.5066272402663587,1.0
267,4.892867257268991,2.787795733469208,1.0
268,2.4496061417532204,2.0866562035171645,1.0
269,3.0382698865262276,2.8555765284583225,1.0
270,3.6614553730380326,3.7527061655799527,0.0
271,3.9927759634394686,2.2531513608746687,1.0
272,3.393387788190819,2.9681168861023686,0.0
273,0.6517845970861041,3.204487655019582,1.0
274,3.007272092458493,2.1657006730830233,1.0
275,3.2126324478061887,2.6672483597289394,1.0
276,2.2206217287207295,2.6651610042112797,0.0
277,2.503414133584835,3.8132107413639433,0.0
278,2.4890483896873343,3.6853382405561796,1.0
279,0.051086382368370487,3.847554369934751,0.0
280,1.557781425078657,2.4051523078993196,0.0
281,2.9873561016263577,2.5938495740500818,1.0
282,0.820094216536722,3.134774311526524,1.0
283,3.278499767196959,2.107739301059601,0.0
284,0.4429621758496938,2.263868038878582,0.0
285,4.629312359905672,2.9528317994058524,1.0
286,4.617893330367695,2.7410131818384382,1.0
287,1.125371129775684,2.0294859133730094,0.0
288,2.614004898535981,2.725007119930118,1.0
289,0.6724623349034042,3.413255885580404,0.0
290,3.5652942314446596,3.142888224675151,1.0
291,1.2679069873549453,3.184597652022285,0.0
292,2.0470490134641,2.821044318589193,0.0
293,2.3333100868026833,2.585523808005693,1.0
294,2.644415955669647,3.3624169479519286,0.0
295,1.1025034239391696,3.9439519832710683,0.0
296,0.5016666565809658,2.4861772551155186,1.0
297,2.270399308466563,3.3860358712244674,0.0
298,4.870266331456508,3.817540801035202,1.0
299,3.3362769581661738,3.1421860269324533,0.0
300,3.031533589202955,3.7154281483929523,1.0
301,3.125319379763635,3.960093984498644,1.0
302,2.8349435036342463,3.54411762646916,1.0
303,3.8449356677971847,2.1620602746840456,0.0
304,4.032312194810564,3.1766006501917916,0.0
305,0.04927773703979732,2.1014874161618344,1.0
306,3.2885891098980764,3.717278720072416,0.0
307,1.4052879534797431,3.119319013287357,1.0
308,1.7829116280523294,3.498995302727913,0.0
309,4.5061239387103615,3.0899362276724958,1.0
310,2.085477907826795,2.9944925894701857,1.0
311,4.599901933907255,3.49832405085361,0.0
312,4.2240580055533,3.5447084177460777,1.0
313,2.774190868840207,3.0112159662351003,1.0
314,4.323456939491434,2.9177956593677985,0.0
315,2.955454223973234,2.0893715536410573,0.0
316,1.189965195047515,3.707159615301573,1.0
317,2.653494512694964,3.6797140415739578,0.0
318,1.2435524777076334,2.3305210975338424,1.0
319,2.09995851487019,2.4224699454906604,1.0
320,3.4358950540626805,3.4111201350003757,0.0
321,4.973847744345851,2.979161355172567,0.0
322,2.289013312624445,2.893193788187169,0.0
323,3.592922654650077,3.947584941565756,0.0
324,0.2061624457085598,3.278696802590016,1.0
325,2.5535540508539216,2.859636362462451,0.0
326,3.1823879032974474,2.4616578376194544,0.0
327,3.105237205542681,2.9007266209391105,1.0
328,0.7422118909009312,2.5682611763485848,0.0
329,3.437379846760287,2.5196302581679273,1.0
330,4.164555928250852,3.0812292821330987,1.0
331,4.375406658134495,2.291963216583353,1.0
332,0.8884131320697775,2.334310564588263,1.0
333,4.994995592744051,3.727422854883744,1.0
334,2.1317054794297015,2.2987138884366085,0.0
335,4.449560458501845,2.886737480622326,1.0
336,0.9349617713249858,2.61685751070425,1.0
337,2.730644782235406,2.234218462413049,1.0
338,3.711760611978583,3.0447566072676824,0.0
339,3.8114669383924324,3.1550656963420733,0.0
340,1.2441740241402943,2.4112166339069447,1.0
341,2.767125585582657,3.169893347336921,1.0
342,0.07041862917922248,2.2644252696405935,0.0
343,0.06458649204103606,2.1148054194027495,1.0
344,3.674636947276805,3.481002241965775,0.0
345,4.271588818744227,2.6791481256753595,1.0
346,2.139873534951851,2.7229280445380915,1.0
347,0.030113355494422178,2.7010213295905388,0.0
348,2.907877694745939,2.5661055603435408,0.0
349,0.11079399381126842,2.1302736065644146,1.0
350,2.1984815563307176,3.396926954118343,0.0
351,4.879079021143093,3.6688445376288854,1.0
352,0.4982119746430791,3.69918289516786,1.0
353,1.8308970215557046,2.4855930288143817,1.0
354,0.530072943169449,3.217558559997377,1.0
355,1.0452772480267174,2.5664214843961313,0.0
356,4.698556264573561,3.0343494689876063,0.0
357,2.742597514957248,2.7660677164770813,1.0
358,1.3207127327395778,2.748701000839505,0.0
359,3.8813150201169035,3.4479116482455496,1.0
360,2.2002015147239273,2.6797231392163114,0.0
361,0.7797731444763545,2.803130475415674,0.0
362,1.3223556073939906,2.169563263143107,0.0
363,1.4487530799764485,2.127752527645625,0.0
364,3.936325111047209,2.7772374370385595,1.0
365,3.974856820557085,2.8557464513975175,0.0
366,4.010482746057097,2.806788084623718,0.0
367,1.2394208025037645,3.7339218341907445,1.0
368,3.371372409330716,3.9838140406553473,1.0
369,4.878476190989162,3.538813996717649,0.0
370,0.6123940970327296,2.382906875298927,0.0
371,3.8705868053061696,3.9912967492011813,0.0
372,3.9698501590889896,2.0067028003869947,1.0
373,2.1655473573158446,3.946467731920995,0.0
374,2.151394922269975,2.5142809086626574,0.0
375,1.8958265448456708,3.5617670009324947,1.0
376,2.7978842140563516,2.409115819120335,1.0
377,0.2803743157920635,3.5924240902208266,1.0
378,1.0430876845207615,3.193428770268438,0.0
379,3.197500279428465,2.2554662001792076,0.0
380,3.9163645779444556,3.3494318977743287,0.0
381,3.003957767224421,3.247966824228811,0.0
382,2.971017262525928,3.0975749431138775,1.0
383,2.23016732944497,2.1890070468178413,1.0
384,3.429749940878163,2.601907779776136,1.0
385,2.410367636368784,3.1610465614305325,0.0
386,2.177073125673054,3.6947374262196813,0.0
387,3.8098086615709748,2.4594406759496454,0.0
388,4.94589844725491,2.681486829329267,0.0
389,4.767116356993874,2.9190326235404713,0.0
390,4.369882878249332,3.065612853072121,1.0
391,2.6604949436814436,2.4869367470350117,1.0
392,4.6690240082400765,2.263386846863794,1.0
393,0.6606105010387925,3.4114526774002782,0.0
394,4.659696385382803,3.4037113667537198,0.0
395,0.29682499350915437,2.4183396295315758,1.0
396,4.401674641974415,2.148570061005271,1.0
397,0.5860439137864404,2.050199543015446,1.0
398,1.225791215506307,2.0571508723492826,1.0
399,1.6694664670742632,2.3623371438081247,1.0
400,1.1440432049310967,3.852926550809655,1.0
401,4.86259688910127,2.59926466748993,0.0
402,0.6354831466927424,3.026925956863189,1.0
403,4.613997854937297,3.618003476177466,0.0
404,3.4661884315920517,2.2871299332952315,1.0
405,2.176301474883933,3.3939850413872326,0.0
406,0.7709429445281918,3.1946293903977043,0.0
407,1.764353236054328,2.86866151947702,1.0
408,2.0703733312807677,2.377680371600996,0.0
409,1.82404094628912,2.872478009921331,0.0
410,4.809844627932583,3.7668089279241768,0.0
411,0.028408588414718938,3.9096554541174022,0.0
412,2.3050917619534337,3.6917018816981644,0.0
413,1.8305350529242148,3.0984334152851236,1.0
414,0.009706513542892536,3.0621847992094686,1.0
415,2.57194557504533,3.537810109916048,0.0
416,1.4100769902333887,2.04517285335691,0.0
417,4.2895646716566755,2.402141735151815,0.0
418,0.05222013995676733,2.204254782419663,0.0
419,4.7583629256995,2.5365728896429927,1.0
420,1.8399539730322256,2.483061080077732,1.0
421,0.20355806537196597,3.547530362991285,1.0
422,4.6503159631157915,2.4007185374026623,1.0
423,1.0456631862143673,3.421654257267087,0.0
424,4.033501776892086,3.5201934535227015,0.0
425,4.205214643784384,2.8215986572655547,1.0
426,2.252942285499307,2.6742257281132416,0.0
427,2.9598818338241624,2.4376098173035343,1.0
428,2.433183589696488,3.346657023306581,0.0
429,4.771823328752452,2.5897523158840854,0.0
430,2.5749491840102983,2.4837334592756903,0.0
431,2.475732667404966,2.9188870437664014,0.0
432,1.2179689355753403,2.398695948867549,1.0
433,2.7377589599723358,2.0372279641017768,1.0
434,3.5693852574343343,3.094021625676767,0.0
435,2.5320920503091084,3.3784879321307475,0.0
436,1.5777973415831297,3.6122781591086457,1.0
437,2.94127891486436,3.1735932382927423,0.0
438,0.4444949940278503,3.575254127956129,1.0
439,3.7780130643589898,2.7532919868350505,1.0
440,3.1783589097204494,3.8725933730976037,0.0
441,3.0311001216138314,3.131233739269505,0.0
442,4.2258521570217615,3.9344168564446926,0.0
443,2.7199194101870594,2.3897678423925846,1.0
444,2.6304713485584004,2.63144209428964,1.0
445,3.05923477586244,3.7011014639417605,1.0
446,2.0077905233411455,2.587056689660557,0.0
447,1.7821416891771995,2.4235024819350537,0.0
448,1.4027276147736671,3.0819251296333574,1.0
449,4.185859807967668,2.998781579932741,0.0
450,3.7043558216633974,3.2591480687721677,1.0
451,3.0970124378337798,3.7253377406263644,0.0
452,3.292535914208644,2.9165638364073665,1.0
453,4.146207184263102,3.7783311818392935,0.0
454,2.4453296996876857,2.008463025977659,0.0
455,3.2666455504097547,3.943323915987428,1.0
456,2.366033219595765,2.7730031586069517,0.0
457,2.119797775784233,3.7403379188151744,0.0
458,3.4450912237957043,3.727140336182636,1.0
459,4.423164942438937,2.089958547304886,0.0
460,0.8474511447094202,3.4511248343591925,1.0
461,0.23564435342538326,2.4838924381582874,1.0
462,3.8089724787009596,3.897034814577352,1.0
463,2.080956524730955,3.4270442587112964,1.0
464,2.679827440154331,2.7733068316425307,1.0
465,1.3744942268575766,3.6885205983387688,0.0
466,3.953281542870301,3.328193588735375,0.0
467,3.4016585769033885,3.6858678401411207,1.0
468,0.0404108673213921,3.8673253072492617,0.0
469,2.0378542271544124,2.638640732554923,1.0
470,3.414788013066424,2.566205503639262,1.0
471,1.6262490680737645,2.979680136704142,0.0
472,0.7701355110896274,3.7979487603756388,1.0
473,3.3421451434704474,2.915914288375079,1.0
474,2.684060383483933,3.687242468076316,0.0
475,0.33873477454334777,3.6909725634109423,1.0
476,4.430492355397292,2.7713227234396207,1.0
477,3.9832893156141664,3.6796062070178754,0.0
478,0.6555459471269193,3.7269306432668485,0.0
479,3.8940583421188544,3.1516013592804297,0.0
480,0.4300238344452345,2.693075742117014,1.0
481,0.36906677285327816,2.7988344951829385,0.0
482,1.5404894867153585,2.6671518941901695,1.0
483,3.8070675282016113,3.4811196525565737,1.0
484,2.288787937934214,2.1211604196987692,0.0
485,3.3820547803955097,3.4857319733198118,0.0
486,2.6136806814365787,2.857676552807648,1.0
487,1.4736706450520198,2.246812478055552,0.0
488,4.8257606233068495,2.396049741084176,0.0
489,1.6386167636919007,3.6035849904458765,1.0
490,3.9597383077796215,3.3990447365080025,1.0
491,3.5700768833826455,3.263619097796019,1.0
492,3.2217331435352574,3.4781550324608856,0.0
493,3.242693503337904,3.6203718543956604,1.0
494,3.505315719985494,2.642290167781172,1.0
495,3.66175001444967,2.629292884111983,1.0
496,4.7805958335092384,3.9285720329785354,1.0
497,0.6736636096751408,3.587258439038513,0.0
498,0.956754424140529,2.1524740627507994,1.0
499,1.1737737995143744,3.6721408069982058,0.0
500,1.5901516507036828,2.5501611372019877,0.0
501,3.3701897538067453,2.44703868483439,0.0
502,1.118550957104698,2.311302153300523,0.0
503,1.152405611030266,2.7719864992647567,1.0
504,0.3507839611418323,2.161050354774276,1.0
505,3.7295372670015565,2.8702302463559493,0.0
506,4.5170000425662336,2.9639097535726293,1.0
507,1.5726181819907032,3.8322320325467274,1.0
508,3.74282905893598,3.2163458536894254,0.0
509,0.08570039587059541,3.4865058697377083,1.0
510,1.6944400479130532,2.0768209286660655,0.0
511,4.106232049740416,2.0240389665424656,1.0
512,3.006871021937498,3.225610470520214,1.0
513,1.0255420277065297,3.625645595990253,0.0
514,3.6349476554564952,2.0359680540106355,0.0
515,3.4143137431746973,3.045304977773722,1.0
516,4.992151300588213,2.9100943059891726,1.0
517,3.9802289921290903,3.7641738859230114,0.0
518,4.718308565822644,2.2038794054692934,0.0
519,1.5041269285180625,3.429480803492513,1.0
520,1.2350854134892537,3.811904218646259,0.0
521,4.839416514602152,3.4042657824666662,0.0
522,3.8537955582951438,2.2753896157307585,1.0
523,0.8305607135087173,2.3722303311082835,0.0
524,2.8650978203412096,3.2905898672434954,1.0
525,2.1509804050770627,2.4486036967577602,1.0
526,4.9377785911008045,3.054373096431153,1.0
527,3.564940079571736,3.9552337245690006,0.0
528,2.812717870522154,3.1951365145052737,1.0
529,2.004602197668934,3.590395916351122,0.0
530,3.0295268978540975,3.8176463028211307,0.0
531,2.6256915130017644,2.419404044008709,0.0
532,4.135509990921778,3.373825297945076,1.0
533,1.1932397985747323,2.573693690362979,1.0
534,0.6227429408795998,2.355168693573251,1.0
535,0.17789012371281832,2.8557690078672326,0.0
536,4.863186779507535,2.4708136168160766,1.0
537,3.4851726899681306,3.4256041340403987,0.0
538,3.0846208651675813,3.8170452251281866,1.0
539,3.9784429644488433,3.7430884393123827,1.0
540,3.5413558972927826,2.1240633998036005,0.0
541,0.5059286541027602,2.251522175535367,0.0
542,2.6844884974241916,2.239158996869259,0.0
543,2.3458341998117156,2.1455778439715947,0.0
544,3.331091183259278,2.089909645034951,0.0
545,3.5566753236436597,2.0346881847020963,0.0
546,1.3728610305953688,2.636896772786736,0.0
547,0.5800047910861517,2.363246256758424,1.0
548,2.366933309817943,2.5948695030553317,0.0
549,3.5090133258653724,3.984392341820194,1.0
550,1.6193278487082097,3.1761633763297614,0.0
551,4.776313277162047,2.2869504707174686,1.0
552,0.4557086871689592,2.564008856638976,1.0
553,4.9643904482262915,3.2075862400206856,1.0
554,1.7489440017148405,2.3119299433836122,1.0
555,4.794757932082526,2.082069534485484,0.0
556,2.5402656117739033,3.655835139266391,0.0
557,4.629460758558744,2.6241057878534555,1.0
558,2.676586457859478,2.139367809410504,0.0
559,4.68382698914853,3.8941824489235506,1.0
560,3.4509410777892984,2.4577400551919033,1.0
561,1.2589164057174473,2.024196990996555,0.0
562,4.439586946118015,2.173174673426101,1.0
563,1.5610394424844136,2.8426835241511474,1.0
564,2.88876022631627,3.245918920913445,0.0
565,2.918458438509217,3.2189787637553824,0.0
566,0.6910969525122723,2.423746867095052,1.0
567,1.0501225943046384,3.601012955726977,1.0
568,4.671505985689441,2.767191006187888,0.0
569,2.0123646443150274,2.298706251036008,0.0
570,2.0955408865996077,3.8877185497137843,1.0
571,2.573166391658146,2.86257536043499,1.0
572,1.9748673464914916,3.827197903522622,1.0
573,0.4203813482452584,2.6639575323736624,0.0
574,3.551325189948362,3.3895166994036767,0.0
575,1.3916331601901426,2.1682992090546795,0.0
576,0.21342487268265709,2.9262520627019724,0.0
577,4.0622399960878495,3.264577097542647,1.0
578,3.115718143236475,2.501338268972731,1.0
579,0.4226787806081711,2.8456264575049244,1.0
580,4.093818301048792,3.3429302878601304,0.0
581,2.991871906733235,2.405862545082723,1.0
582,4.10700858244115,2.4715298741634815,0.0
583,2.026192590140351,3.346049341545371,1.0
584,4.469597027263152,2.2552474104956306,1.0
585,0.7908217775577764,3.841829166422053,1.0
586,0.7416272093471948,3.356029217796733,0.0
587,0.9264894590390116,2.4834866810951812,1.0
588,2.4591971720422743,3.2453682526182512,1.0
589,2.451499818033133,3.6327028787315827,0.0
590,0.6261585293962874,3.640727039788061,1.0
591,2.357622067983483,2.3484834949414326,0.0
592,3.5639904146681363,2.5141811472101656,1.0
593,0.23012704625181568,3.2861672310629353,1.0
594,2.087864559682477,3.6964232381759796,0.0
595,0.6370205282665792,2.0947830483308483,0.0
596,4.9910371593882354,2.8863738097976883,1.0
597,4.699115713421591,3.8527589792759467,0.0
598,3.366982042067141,3.9455759636816685,0.0
599,1.053355652515664,3.1599055170259636,0.0
600,1.6305928304347943,3.667299113491194,1.0
601,1.9659532833155597,3.265058093832231,1.0
602,1.889374519419461,3.694314811046955,1.0
603,0.0623872681840848,2.5468835466338287,0.0
604,4.4615964415101255,2.9707101457911946,1.0
605,1.3538695904818616,2.421288520474972,1.0
606,4.477450276377467,2.3309607406574075,1.0
607,2.119110401089203,3.1979775137901214,0.0
608,3.5230428116796313,3.5678218628245517,1.0
609,2.702665976557342,3.8206949073211613,1.0
610,2.370963337127572,2.871178217869507,1.0
611,4.906566624814086,3.0565471228259886,0.0
612,3.2707296928450047,3.7860699565274833,1.0
613,3.1646260363856724,2.7384217327820277,0.0
614,1.3987613939252264,2.6071465619449725,0.0
615,0.796099247308073,3.0683851549365766,0.0
616,3.562820836917738,3.1495794742108503,1.0
617,4.9037360088411575,2.1736286906456477,0.0
618,3.2335586782609784,3.1765871654247633,0.0
619,4.792371716083444,2.7222419823694635,1.0
620,0.006210060452977451,2.0373586750378214,1.0
621,4.393209440454801,2.7970444265985717,1.0
622,1.2824903240193353,3.080815049092835,0.0
623,0.6760189045578113,2.0793454928209263,1.0
624,2.1694547493212752,2.950282005322483,0.0
625,4.233775219150301,2.541238379537088,0.0
626,1.7987126651573748,3.9612762740061123,0.0
627,2.335055748782705,3.331471631760145,0.0
628,1.6250379042620762,3.8990856986887157,0.0
629,0.8178357890706872,3.874708750966841,1.0
630,4.552666225055929,2.857255215788312,0.0
631,0.3589265531427094,3.9867400059459803,1.0
632,1.7317576439403055,2.0413879997874496,1.0
633,3.6711374635374625,2.065238271351162,1.0
634,0.2214180683549194,3.6158664437496224,1.0
635,2.0053631465630573,2.750253661800976,1.0
636,3.259216803115118,3.906699957003407,0.0
637,0.8654229620209514,2.0353466652782446,1.0
638,3.25178940075886,3.7971459236304383,1.0
639,1.0117658670937772,3.6791234384729368,1.0
640,2.5132835187030484,3.502177369873534,1.0
641,3.169745745405365,2.053118928519579,1.0
642,2.11258833744701,3.182949360593522,1.0
643,3.6245080193838053,3.6929711218993155,0.0
644,4.003763294747696,2.7925282841390917,0.0
645,1.6720922881318057,2.66490446498557,1.0
646,0.6580079146868323,2.5653260368014283,1.0
647,1.9807283381486944,3.573324737955674,0.0
648,2.5777188835982026,2.4827294635106583,1.0
649,4.588392499252585,2.518729971130634,0.0
650,0.5360579737110538,3.5057786315521913,1.0
651,1.248042020512608,2.291956297597961,1.0
652,1.144609262279241,3.795478059118583,1.0
653,0.9739540699209537,2.3861594306693723,1.0
654,3.5397875069992883,2.7206699995625017,0.0
655,3.197308789107311,3.8793613859758658,1.0
656,3.295520014018285,3.6409673336292014,1.0
657,2.9933043251577147,3.2537481912353323,1.0
658,0.4110745621949957,2.0038425212204674,0.0
659,3.3329075560197987,2.777482798716022,0.0
660,4.509239833941242,3.888657734540266,0.0
661,1.7849914486916734,3.0060702530704058,1.0
662,3.7472456802640295,3.742929986256658,0.0
663,0.37886528736205183,2.49050296321035,0.0
664,0.7543871103294214,3.8573179300189713,0.0
665,2.5992368012836553,3.160595781611948,0.0
666,3.487365486549564,3.182154988867371,0.0
667,2.5872927947877344,2.1673065334546266,1.0
668,3.65008958129776,3.0367925230499546,1.0
669,2.310277215279072,2.353051395381054,0.0
670,3.4625911716502866,3.2628258666717858,0.0
671,4.1659258608421625,3.644325037486893,0.0
672,3.358821250833499,2.7776700359226125,0.0
673,3.439079245557504,3.228101396685088,1.0
674,0.7505974863276182,3.0391317731269405,0.0
675,2.8356652560615685,2.1263235012211066,0.0
676,0.2572175671039473,2.1257698085951846,0.0
677,3.827076225109387,2.170909058866182,1.0
678,2.749216391150565,3.2652855905943303,1.0
679,4.72132804418456,2.4558909154138737,1.0
680,4.411188515417273,2.7406660456565737,1.0
681,3.7775045234838296,2.276849459479855,0.0
682,0.3190739169487655,3.188938794650421,1.0
683,0.7399819564685506,3.929524491872733,0.0
684,4.42667032136349,2.3495843503726337,0.0
685,0.13945672144957122,3.660608137494518,1.0
686,0.4168710486126809,2.6569392371212257,1.0
687,0.42085233244689046,3.195475340171723,0.0
688,2.626213125070962,2.3651007991659325,1.0
689,1.5822213200473394,2.9859335414599535,0.0
690,2.9228172189196693,3.9924553214167835,1.0
691,4.114873132534109,2.5211878840191213,1.0
692,3.7640431394521325,3.516977518685122,1.0
693,1.6437045360481062,2.593194413958697,0.0
694,3.7514754839498026,3.5697786489175063,1.0
695,4.861722400340027,2.198403140996545,0.0
696,3.937871822103345,3.563364879188727,1.0
697,4.68936317412533,3.2487950195729907,0.0
698,0.25267739083212837,3.495402505349401,0.0
699,2.47280387910463,3.76743797013252,1.0
700,1.2972170662483018,2.3180009344657355,1.0
701,2.052225228993219,2.842478794448219,1.0
702,4.847276725067733,2.819513214898608,1.0
703,3.0988003622271973,3.75446819663642,0.0
704,2.3832881549469,3.749865667898625,1.0
705,1.6446733909489564,3.8827500241052157,0.0
706,3.925805831605684,3.5506214835329057,0.0
707,0.07240780158352389,3.3118402043784263,1.0
708,3.185024061336381,3.484431084525816,0.0
709,1.4082389571572085,2.9448556023343615,0.0
710,1.3689115221246078,2.3056074443145995,1.0
711,0.37604058819379393,2.9934881431774114,1.0
712,0.8896565772689596,3.2091657603161385,1.0
713,3.571736982824292,2.74233234175455,1.0
714,0.26914207052622263,2.054265065341342,1.0
715,3.177446307898708,2.0483721083608817,0.0
716,1.0061663977188262,3.2098663946850303,1.0
717,2.9033177966661077,3.628129986999634,0.0
718,1.884041643566421,3.6523696416805835,0.0
719,4.068199449380595,2.0030052641176983,0.0
720,3.6981025339222544,2.6224131920436333,1.0
721,0.1487997800845603,2.0222986903566724,1.0
722,0.8302133466752881,3.917182409123667,0.0
723,4.8357960057708995,3.2398558887981403,0.0
724,2.575010480562306,2.4662761524477226,0.0
725,0.13279317090721832,2.6980437383635767,0.0
726,4.755331439731382,3.781793965058632,1.0
727,3.3185977041071886,3.7490062851346044,0.0
728,0.329162495840743,2.3841607560175895,1.0
729,0.4527734854344023,2.9411788187320527,1.0
730,3.7319231809904614,2.130712225714964,1.0
731,0.6772905898956388,2.469714107516297,1.0
732,0.929155712910365,2.8201916950317285,0.0
733,4.994072836141212,2.597770329046077,0.0
734,2.292130842919665,2.205634738275981,1.0
735,3.9905520626293614,2.6873010826793537,1.0
736,3.8702294245407747,3.600700607678501,1.0
737,0.048768987516106255,2.186996368632271,1.0
738,4.5653992661549605,3.150497708173778,0.0
739,1.5241046381731338,2.8155855647391097,0.0
740,4.186047370707727,2.821157598842092,1.0
741,3.524895988380053,2.7144276500360065,0.0
742,3.772698616883699,2.963743457215594,1.0
743,2.7985975358640247,2.4283613717135024,1.0
744,0.559062192965491,3.2664911009289437,1.0
745,1.733031432746193,2.940398303667016,0.0
746,4.746971201786137,2.5557955765692686,0.0
747,0.1643435792374548,2.700629336891108,0.0
748,1.4224602553707149,3.9842054724047724,0.0
749,0.3167929038937456,2.7373953074975548,1.0
750,1.186320695374553,2.742493444551336,0.0
751,3.0031872479780026,3.947987603724079,1.0
752,0.9487207634994244,3.639066299337773,0.0
753,2.7001472499218377,2.772427867672722,1.0
754,1.1756451516325495,2.289360401407719,1.0
755,3.629487397091766,2.6163260814792677,1.0
756,0.7436558768505064,3.7800196287305474,0.0
757,0.6159691224242725,2.807708526057956,0.0
758,4.303117175419551,3.2184721024772296,0.0
759,0.30282191516852575,3.1964948471912926,0.0
760,0.936250001784118,3.2941614541576607,0.0
761,3.0666099116446945,2.0608068709754206,0.0
762,4.167292546640437,3.345820434192623,1.0
763,1.6438655565442695,3.821083314106583,0.0
764,2.9692896099615087,2.840720706472988,1.0
765,3.3899402185111467,2.219587830535785,0.0
766,0.903980021844118,2.8367144874787655,1.0
767,4.034971305112741,3.9060099878031345,1.0
768,0.7738974751699462,2.0243525953048636,1.0
769,4.946093374477963,3.0548091769259145,1.0
770,2.1829965756095167,3.8484719439031756,1.0
771,0.14414854398342503,2.3011066401746665,0.0
772,4.476094231836036,2.4475226895761475,1.0
773,2.4404534824388975,3.739355473612677,1.0
774,2.380012434695986,2.2996689848726137,0.0
775,2.4494820884470188,2.056713463928891,0.0
776,0.2607381555212873,2.451913090917787,0.0
777,0.6126197113068654,2.3405262532364723,1.0
778,2.128555843393695,2.2938985985798537,0.0
779,2.627274994022541,2.783668789040158,0.0
780,4.697827319206757,3.9092352174768092,1.0
781,1.9110729095556056,3.241159540679467,1.0
782,3.3616105967994567,3.955164988290849,1.0
783,0.5215718743312087,3.0961438374265886,1.0
784,3.862935271089162,2.651993628121878,1.0
785,0.8043738259896621,2.851733724068421,1.0
786,3.879308864056757,2.0142313130402245,1.0
787,0.5484412555860035,3.8030335317544663,1.0
788,2.328740796453528,2.4386127966267055,1.0
789,1.1251398024920711,2.7042827997415007,0.0
790,4.45705830968534,2.150930216774098,0.0
791,4.612372452725751,3.4306736712111787,0.0
792,3.552459197069297,2.7407502263564236,0.0
793,0.985798222072285,3.2862192137166293,1.0
794,2.2187524689671507,2.6921250753753565,1.0
795,1.9511855110283327,2.2244520853780214,1.0
796,3.1666977210005927,2.472936595588113,1.0
797,4.351003777160585,2.2188064940604626,1.0
798,1.9792151042243016,3.267067223327505,1.0
799,0.1694101504539286,3.4816602909003294,1.0
800,2.8508731469979383,2.474077423891573,1.0
801,4.780725916815462,2.525986280328003,0.0
802,3.5183818575581793,3.0902159186742617,1.0
803,3.8987646141722117,2.6145671245822513,0.0
804,3.8573177544993786,2.9823814055980202,0.0
805,4.151076406549235,2.872838352588097,0.0
806,4.370566489443455,2.6855198222806105,1.0
807,3.7563566102837616,3.2948610283553035,0.0
808,2.053831127690968,3.2839919569053206,0.0
809,2.8502095654955175,2.6157364074710623,1.0
810,4.387096827449141,3.1068431849242164,1.0
811,1.524930682740901,3.9974716946080755,0.0
812,2.806987775942986,3.5693206449978065,1.0
813,0.7339392789880617,2.284365137277466,1.0
814,2.7000918163224363,2.3203697765587297,1.0
815,1.2813014834770853,3.617727947938926,0.0
816,2.320241147769937,2.563887521372853,0.0
817,2.761062951335261,3.1551528338285744,0.0
818,1.3638561178437865,3.66512713831241,1.0
819,2.040685455527818,2.161459900785389,1.0
820,2.217490049800416,2.8378806621539483,0.0
821,3.602259990336866,2.3055818098531775,0.0
822,2.3529363700621904,3.059895529903377,1.0
823,2.1120433679491573,3.9172682874458404,1.0
824,2.022733742226408,2.7314246350885325,0.0
825,2.331583332025418,2.5179799084772454,1.0
826,0.3996836098647083,3.1432976255120737,1.0
827,2.4331084341541196,3.756101688684633,0.0
828,3.2182739311278485,3.3697925863692886,0.0
829,2.4549539881489775,3.754747487939886,0.0
830,0.2002569265241133,3.6729035316322074,1.0
831,4.0858861856556175,2.9946155681867452,1.0
832,0.9572798156722562,2.7164390987388085,0.0
833,1.3371271375845533,3.931425576279542,1.0
834,4.113412647779001,3.161991187714115,0.0
835,3.2271301926239615,2.4613329400434614,0.0
836,3.5129095872647476,2.907361498119265,0.0
837,0.09649863158143979,3.193728885622403,1.0
838,0.23960024133237667,2.7079795300986778,1.0
839,4.317306344756222,3.889199554340036,1.0
840,1.7031637681971294,2.8687991113586087,1.0
841,3.67474369188618,3.4303576307596666,0.0
842,0.8855113737248599,2.5031327190021573,0.0
843,0.6058560868335139,2.1375629025990284,0.0
844,1.5721216281810042,3.0470401866549874,1.0
845,4.009441108968442,3.5086479011650553,0.0
846,3.938812231476492,3.638140520925581,0.0
847,3.59303811915741,3.468046431672608,1.0
848,0.36225954375257663,2.2968476055914344,0.0
849,1.9100146755158947,2.1463677016897034,1.0
850,3.2474708525970657,2.4498348791388675,0.0
851,4.818712091571602,2.8225834474605564,1.0
852,1.5759437321360887,3.456983104623127,0.0
853,3.254060788142781,2.5533887350764273,1.0
854,4.895491551864301,2.8324635510507674,1.0
855,0.9948124197806463,2.0824465385410407,0.0
856,4.902276874260256,3.01149170081224,1.0
857,3.3497762186770674,2.6999570543066844,0.0
858,1.6283498675618095,3.98394628145048,1.0
859,3.265897906117237,2.1118478153682374,1.0
860,1.7733251658809652,3.323844161379272,0.0
861,2.551830304520336,3.635358624181154,0.0
862,2.5335792741336887,3.7289798652057815,0.0
863,0.08990386275701534,2.200811206991861,0.0
864,0.7950443608522745,2.342453810273355,1.0
865,3.2471784092451412,3.09322582908685,0.0
866,4.066929792611108,2.1201996209363347,1.0
867,3.405286476629667,2.5826619984998764,1.0
868,4.99338124539719,2.9815028135135115,0.0
869,4.419029564053946,2.47689721884207,0.0
870,1.3402729030609124,2.6755099568462177,1.0
871,1.4041658069446532,2.1087914648084904,1.0
872,2.6623190714600775,3.020969744582448,1.0
873,3.829365349153755,3.626407482790012,0.0
874,0.5992028255969378,2.8727024194489954,0.0
875,0.15773490115258137,2.94743819139393,1.0
876,2.4836990876241205,2.866622396343508,1.0
877,1.1717954365291383,3.6002177686251224,1.0
878,4.675425526549341,2.84101875650749,0.0
879,3.4775837832132037,2.371938597965677,0.0
880,2.4071012550797,3.009177846789484,0.0
881,2.346191187193567,3.490077749666925,0.0
882,4.128402495105263,3.2221396778959863,1.0
883,2.2666589714847305,2.808114311537928,1.0
884,3.906217828881378,3.54965101085536,0.0
885,4.441707537263946,3.198028086057489,0.0
886,4.539891623962372,2.4328641803481705,0.0
887,1.126381597394312,2.109594075325707,0.0
888,3.499478016044832,2.801291115666359,0.0
889,0.684442648473772,2.493956383850609,1.0
890,2.4663127080792964,3.638166419753744,0.0
891,3.22760569918517,2.72539770199646,0.0
892,3.647594030970402,3.7435245681259817,0.0
893,2.3684825082853473,2.221340075908422,1.0
894,4.844677620584021,2.3506187548012707,0.0
895,1.2632672717780091,3.4609258849666236,1.0
896,1.0250729241252006,2.00401082087473,0.0
897,2.7138360444945486,2.5048933926759003,1.0
898,0.19776245471988085,3.8138317193236952,1.0
899,0.6291802040703448,3.0421291314423824,1.0
900,1.9525120754048846,2.0085246714811116,1.0
901,4.590784209424619,2.5576906740012104,1.0
902,2.815115766134315,3.0823844443174417,1.0
903,2.732644596945124,3.8927691929873447,0.0
904,2.316251361974999,3.2294836628580788,1.0
905,1.247457997925503,3.7394163921832257,0.0
906,2.7437477410223208,2.9842360551253835,0.0
907,2.62336671522395,2.8170058388086385,1.0
908,0.6876281517634053,3.694599559462218,1.0
909,1.666014254565808,3.318468830939471,0.0
910,1.445810165977948,2.9864310074150353,1.0
911,1.2152275274729756,3.466593486298718,1.0
912,2.3930913389300934,3.769100488386203,1.0
913,2.8445180931305156,2.995141442935859,0.0
914,1.4719657609576986,2.8853767916622517,1.0
915,2.2636334101869355,3.9169090786662424,0.0
916,0.9351674686110978,2.770967268369287,1.0
917,2.0472634022760827,3.9045080798365195,0.0
918,4.363671484414638,2.5945905767867057,0.0
919,1.6545980160889622,2.4361864771914608,0.0
920,1.0785216962264421,3.5166863189886453,0.0
921,3.6544166731730376,3.8442564059496394,1.0
922,4.247553214574641,3.258735404432681,0.0
923,3.6830009005593927,2.9618349879261308,0.0
924,3.712898493371368,2.660780341611565,0.0
925,1.054340229634011,3.411923866023611,0.0
926,3.9587527818303214,2.0370191021496065,0.0
927,2.2169407877297904,2.615066213349574,0.0
928,3.572992167656798,2.9229121684310857,0.0
929,4.846013530095786,3.286623760397122,0.0
930,0.40475062557926267,2.5283125518384937,0.0
931,4.090916821236076,2.41359635851516,0.0
932,1.8834825556870842,3.3584789563555515,0.0
933,1.8952572117629973,3.98389921815009,1.0
934,1.6092634979910332,3.2984537603338864,0.0
935,3.756357865939148,2.4766076427812207,1.0
936,3.75579904970535,2.9966651746765125,0.0
937,0.28928977139926704,3.2108933264159325,0.0
938,3.0704141747537044,2.0184319302387963,1.0
939,2.652386935432842,2.475695798418804,1.0
940,4.2905254484030175,2.8323766393986123,1.0
941,0.4427100538088724,2.967514287189238,1.0
942,0.36765528776998624,3.1982094524646136,1.0
943,0.5968044436418524,3.4804688778793946,1.0
944,1.2159486755990407,2.2773348490028207,0.0
945,3.775070438703638,3.0320361835205745,1.0
946,3.8809897830595537,2.99812875425038,0.0
947,0.14971931507961667,2.0043458251597963,1.0
948,4.702001712384003,3.625408575294195,0.0
949,3.570552382919376,2.9042266077611703,1.0
950,2.671497373387057,2.132612408177601,0.0
951,4.65516095006916,2.123301078880985,0.0
952,1.3130053088614186,2.729467985474662,1.0
953,1.7010945073167993,3.2877702912112023,1.0
954,4.511936835782586,2.042903547938021,0.0
955,1.069897998089434,3.7964319985297386,1.0
956,0.6186176590485887,3.1537516145076245,0.0
957,2.8894539930964984,3.9970203212215023,0.0
958,1.1877045875136227,3.8617962719637893,1.0
959,3.672458075647118,3.2480293578568995,1.0
960,0.6842334793361476,2.2711370754743867,1.0
961,2.807461680507632,3.6585989525644056,1.0
962,0.8666372962413088,2.866653314997181,0.0
963,0.04544255360376337,2.242761227785871,1.0
964,3.482978961559036,3.2756128330803698,0.0
965,1.9053292408701257,2.3438652019423625,1.0
966,4.3417336339573,2.8588607880545704,1.0
967,2.1932556062863116,3.081461129276301,1.0
968,0.9494273152176264,2.9546161582421036,0.0
969,1.662580452854765,2.262092879288754,1.0
970,2.6566494573142228,3.05342098358181,1.0
971,3.3515372951640177,2.9789148373243903,0.0
972,0.2307811521533648,2.267763259598623,1.0
973,3.9359661275676485,2.478857031777793,0.0
974,2.0046439006775545,2.933542450846066,0.0
975,4.223240563543419,2.765005859921747,1.0
976,1.8246794966723852,3.2609528002144113,0.0
977,4.9679035119505235,2.0824172355523176,1.0
978,1.1572215831973098,3.9755064442950916,1.0
979,2.554765480488091,2.9801923276829285,1.0
980,1.2348648217338392,3.2117969117585137,0.0
981,2.26885025647651,3.50695757006124,0.0
982,4.434328332629216,2.9989646696993884,1.0
983,2.4970971470378696,3.777881869197931,0.0
984,3.07036549858335,3.4506119659772647,0.0
985,0.6916356113729405,2.507080725015338,0.0
986,1.201816575019223,2.37671931048373,0.0
987,3.69252251680334,2.9194969476399044,0.0
988,2.7595880863937454,3.54669748205463,0.0
989,0.2500338080756498,2.3020362494578106,1.0
990,0.3535034557572614,2.4411986111803445,0.0
991,1.9980980064044596,2.429415594304934,0.0
992,2.9513777417976628,3.0195362577517697,1.0
993,1.6377479827283414,3.9582383170460353,1.0
994,4.114553601273416,3.2487052486674157,0.0
995,3.3066321893433432,2.473045544262075,1.0
996,4.565919057972913,2.2839649488851737,0.0
997,0.1820816441319928,3.208924282523056,0.0
998,4.210711234723102,3.5766970515722822,1.0
999,2.818283328356342,2.463839475253314,1.0
1000,11.848959683386008,3.6145040721489274,1.0
1001,11.880689426835312,3.867658278261789,1.0
1002,9.900798714802441,2.941264483000513,1.0
1003,11.856903592411417,2.761338054119063,0.0
1004,10.022306101744341,2.5734798646156984,0.0
1005,11.037854895234311,3.552853185329935,0.0
1006,9.35263704322638,2.9440140952902887,0.0
1007,11.295002394800445,3.505588429858778,1.0
1008,8.130320486118755,3.6003065328336357,1.0
1009,12.198017903738663,3.6788952419474796,0.0
1010,11.009627833817369,3.094921138149357,1.0
1011,10.894882622777573,3.6021594333651734,0.0
1012,9.890635010047754,3.5899642448977405,1.0
1013,12.449721804672986,2.4802072121685828,1.0
1014,12.995874320500766,3.4242082483007827,0.0
1015,9.725886767779055,3.98466883178273,0.0
1016,8.563117034126345,2.198312899649954,1.0
1017,8.804618178267496,3.990563824296798,1.0
1018,10.708706141517053,2.6688188168282334,1.0
1019,8.880297078398284,2.6064164368108855,1.0
1020,8.012863718751909,3.151307188532546,0.0
1021,8.60916491338008,3.301531085129842,1.0
1022,9.916473553428453,3.9660781763896438,1.0
1023,9.326375606300747,3.5997439891563854,1.0
1024,12.234257358280024,3.4271812382267024,1.0
1025,10.72630863767371,2.7954438672531174,1.0
1026,9.412207432644605,2.6685055662769526,0.0
1027,11.488945077784628,3.4145318934708087,1.0
1028,11.981832033399652,3.4372811884317516,1.0
1029,9.923232677024702,2.9613290546206095,0.0
1030,9.205532308599324,2.986885087306582,1.0
1031,10.567843772987734,2.754241319832632,1.0
1032,11.273400743032814,2.957322267148651,1.0
1033,8.337687797711544,3.7794120133934666,0.0
1034,10.598218992326574,3.5561947021169944,0.0
1035,12.050495512165016,2.9741027953166412,0.0
1036,12.397068368116116,2.653360963441357,1.0
1037,9.950553152411578,2.7173264135808113,0.0
1038,11.448514020452077,3.3211898392556907,1.0
1039,11.981494005426168,3.086824115321676,0.0
1040,11.22683331967534,3.041585356531778,0.0
1041,11.56892485103164,3.2085173015001844,0.0
1042,10.46067548755092,3.7959077029879444,0.0
1043,9.9411917388565,2.636581087592442,0.0
1044,8.019339243868234,2.635549088911811,1.0
1045,10.526360639920343,2.874911137833072,1.0
1046,8.041204357144078,2.5869417646880537,0.0
1047,11.007388192892432,3.714775630330854,0.0
1048,12.132018168278469,3.794460641595027,1.0
1049,10.314954400014479,3.722979820981726,1.0
1050,10.504073029372435,2.677418166149733,0.0
1051,9.477345169098339,3.9587692122279234,1.0
1052,8.662698894706097,3.588113031271792,0.0
1053,10.472534932930628,2.5438107981541056,0.0
1054,9.536244015735006,2.0614268967882876,1.0
1055,11.977737692511374,2.7001179417345726,0.0
1056,9.453310786368087,2.236908265150821,0.0
1057,10.455058277052224,2.828146878166583,0.0
1058,10.8379589804895,3.0626213299754257,1.0
1059,11.326720616685577,2.4919065576319572,1.0
1060,11.953167243586595,2.131295415972576,1.0
1061,9.070804584398273,3.5020374511532317,1.0
1062,9.640646834518012,2.9485540989208037,1.0
1063,12.528161506175472,3.6302138401516495,1.0
1064,11.118826180985225,3.3000678319919983,0.0
1065,12.685269075175352,3.7890641626109884,0.0
1066,9.621310470951293,3.416775371870633,0.0
1067,11.744367765708008,3.248741951597296,0.0
1068,10.671000292000526,2.1393397328175388,1.0
1069,10.90532594949663,2.9079999689430256,0.0
1070,8.754445260898159,2.5972100636228728,1.0
1071,10.791958581076328,2.0362847521745358,0.0
1072,12.737405071542872,2.86798160551989,0.0
1073,11.327648021215104,2.760512240943732,0.0
1074,8.321614498645525,2.3933275564349836,0.0
1075,9.342960950046912,3.9855752429186486,1.0
1076,8.747385446887206,3.0386862751303525,1.0
1077,9.674932061073797,2.509742257509556,0.0
1078,11.86737477808719,3.85597618499356,1.0
1079,11.657881612587152,3.8863208162955143,0.0
1080,10.35888976400239,2.1152645105598777,0.0
1081,12.178923972938703,3.9271512167994764,0.0
1082,9.511831731431759,3.833336179626566,0.0
1083,12.64516468996733,2.9563439000871568,1.0
1084,9.276199081364354,2.3237283402884668,1.0
1085,10.55833688742984,2.21145900265516,1.0
1086,8.130983789243121,3.7871208340720894,1.0
1087,8.842545689882202,2.8687511998889654,1.0
1088,11.389164747108646,2.862486435533734,0.0
1089,10.893406777211903,3.73663544057922,0.0
1090,10.566886836351284,2.2244154686259057,1.0
1091,9.384029056493844,2.19776214073794,0.0
1092,10.180508909307683,2.985105664878624,1.0
1093,8.257101359365848,3.4898560949070934,0.0
1094,12.981291032619112,3.582112809645892,0.0
1095,12.192200181075075,2.5422364722962305,0.0
1096,12.264975192160087,3.5222907854529444,1.0
1097,11.310934461140697,2.0770571740457866,0.0
1098,8.58394289606611,2.0672898146200547,1.0
1099,8.256512739329253,3.423397817779538,1.0
1100,8.548620937257784,3.0127579840006913,1.0
1101,12.83248442514239,2.706476890317963,0.0
1102,9.071155650166975,3.7008336673664015,0.0
1103,10.86837935525254,2.85548946119875,0.0
1104,9.600464294624565,2.9961600796239045,0.0
1105,9.35237157651869,2.5550776859453164,1.0
1106,12.52600536245293,3.0367083696238613,0.0
1107,11.840764338308409,2.35440651986817,0.0
1108,10.38092207437488,3.513986134423545,0.0
1109,8.304584045936908,3.8548488616083496,0.0
1110,12.791661089752473,3.9699225466070915,0.0
1111,10.494326998037357,2.438476733866142,1.0
1112,8.41292512683924,2.6996910077448453,1.0
1113,11.87182671152136,3.6191316143641616,1.0
1114,9.987337816158586,3.3415436423710156,0.0
1115,11.96467383693164,2.3722914196449647,1.0
1116,9.9469416287616,3.033714336375643,0.0
1117,8.62146357576144,3.186226056798737,1.0
1118,11.169885272021684,3.657061589993303,1.0
1119,11.363630758073173,3.7483371469161906,0.0
1120,8.207356796161815,2.579222547265613,1.0
1121,9.265983835333902,2.900418054527886,1.0
1122,10.472693135692895,2.3330186150640166,1.0
1123,10.839565069922344,2.9016877795454246,1.0
1124,11.694973886287539,3.0318646106502465,0.0
1125,10.839993291148739,3.0707381842718604,1.0
1126,10.892033111382569,2.1043280701267593,1.0
1127,8.692886955405866,2.415988021383605,0.0
1128,11.06901640704251,2.355244048768875,0.0
1129,9.961435790700424,3.4683799712062164,1.0
1130,11.84401235007418,2.165863291874842,0.0
1131,9.486628227464545,3.820444794851955,1.0
1132,10.612808511786499,2.169498037162431,1.0
1133,10.687227464286144,2.400806382400674,0.0
1134,8.745163734149672,2.9815163579916044,0.0
1135,10.51461043429102,2.3447466911548887,1.0
1136,9.209580940328895,3.396148403523794,1.0
1137,10.77452788644669,3.2967169776767147,0.0
1138,11.737525042435399,3.441225460367371,0.0
1139,12.045018313264375,3.3817109621730777,0.0
1140,11.312756052905266,2.6469206795773452,1.0
1141,8.259892756938436,3.116458086189123,0.0
1142,11.747027593029948,2.137199976358023,1.0
1143,11.829362689860863,3.8700258203770384,0.0
1144,11.13877594972558,2.1475240381360114,0.0
1145,9.179534266508602,2.3540541172522875,1.0
1146,8.395901554079071,3.8818873772113163,0.0
1147,11.810623791893427,2.9552991755693636,0.0
1148,11.384433521515069,3.0423612740788366,0.0
1149,11.101773018736397,2.833165261716596,1.0
1150,9.036792953048014,3.9948070322436946,0.0
1151,12.676233677833357,2.4008937922647675,0.0
1152,8.734108693266199,2.1022656591479905,0.0
1153,9.142252665667602,3.4553162332500857,1.0
1154,8.697326247322833,2.080627262778506,1.0
1155,11.48031189528681,2.86691641318154,0.0
1156,10.613734624723948,2.599263343417345,1.0
1157,11.235843591197646,2.1551313983425713,0.0
1158,8.36936536532655,2.833343913677644,0.0
1159,10.017817314438224,2.456813557087237,1.0
1160,12.300321038589919,2.3041267521189237,0.0
1161,11.13048272441964,3.3971388321984737,0.0
1162,11.261462618379273,3.3476488844402352,0.0
1163,9.696809732876346,2.147717380887806,0.0
1164,12.129670776623936,2.31968715007993,1.0
1165,9.459999932310485,3.8488945475915024,0.0
1166,9.649365513641989,3.7273534674082045,0.0
1167,12.322370829498128,3.863508769368983,1.0
1168,10.939493388314734,2.577874316278861,0.0
1169,10.354965073471828,3.949184130605805,1.0
1170,9.665789045020091,3.6947888367119086,1.0
1171,11.229055475986282,3.232801299246068,0.0
1172,9.122573195633134,3.635615988310306,0.0
1173,10.403343987509134,3.0124763877563314,0.0
1174,12.704448132014388,2.534365805877573,0.0
1175,8.41761909008107,3.6217993512680975,1.0
1176,12.82654813397224,2.886347491650292,1.0
1177,9.396534379295693,3.0608017534042045,0.0
1178,8.64854116975017,3.6864380573395295,1.0
1179,12.233212141875619,3.989819927435444,0.0
1180,12.04326281848547,2.1578307934188086,0.0
1181,8.79379661904704,3.2502841764632,0.0
1182,9.585324161205575,3.273450987593158,1.0
1183,9.86767698523331,2.690357669603876,1.0
1184,12.037875962947108,2.432656007390422,0.0
1185,10.42464068426036,2.5223823864789208,1.0
1186,8.326616082241271,2.730770359524416,0.0
1187,8.130866781442442,3.126354996441109,0.0
1188,10.964450864010784,3.3648303131682216,0.0
1189,11.80734093966548,3.808874988303886,0.0
1190,8.320013847927724,2.1347617635205234,1.0
1191,12.313986231307247,2.8220224943018017,0.0
1192,11.603110250337853,3.986401331646321,1.0
1193,8.145192141244856,3.0051190706094335,0.0
1194,11.274013692880917,2.66881155017642,0.0
1195,9.960214310875655,2.913254085766672,0.0
1196,11.14951250655789,2.8585426836123116,0.0
1197,11.579179093234494,2.555566663278754,1.0
1198,10.133915012947773,3.2571748165998926,0.0
1199,10.031194476936365,2.3171396745636477,0.0
1200,9.110458508625152,3.437447288559515,0.0
1201,11.585725469449471,3.1714596921390363,1.0
1202,10.611566931490062,3.174011756984859,0.0
1203,12.329697593511833,3.7983767485205373,0.0
1204,12.613212404914242,3.118811118439078,0.0
1205,12.297175951263068,2.9524206526989962,1.0
1206,10.81470151459927,2.0466355181312226,0.0
1207,10.75755879415489,2.657333283773946,1.0
1208,11.625524192440293,2.358552384572395,0.0
1209,12.179244721044933,3.918551804727164,0.0
1210,12.579398086940081,2.5073009501064996,1.0
1211,12.078631251062248,3.6528820950273797,1.0
1212,8.337052733504892,2.2726478921571456,0.0
1213,11.46866308168615,2.505730464802095,1.0
1214,8.158639188392351,2.1207666346348004,1.0
1215,9.263477869740303,3.5188174720600216,1.0
1216,10.346631559762221,2.2533883316539027,0.0
1217,8.256251683731126,2.431510837102832,0.0
1218,11.933202799586137,3.4375303526055863,0.0
1219,8.026350736697683,2.1241150937245727,0.0
1220,12.955067552426991,2.975287997888331,0.0
1221,10.910017066917355,3.999769851006845,0.0
1222,9.843679113044933,3.776269391889133,1.0
1223,9.251963004408687,2.3756146271683383,1.0
1224,10.710345711062788,3.421650789703486,1.0
1225,8.7825329592244,3.6207646111115146,0.0
1226,8.294536379396302,3.2611309183974897,1.0
1227,10.91589957708931,3.36459376084406,1.0
1228,10.75095600172173,3.357639766359478,1.0
1229,9.333031037622156,2.469978726887518,1.0
1230,9.461125906775525,3.2491276289899957,1.0
1231,10.802345665569858,3.7287745314958594,1.0
1232,11.49937128992522,3.3369375524017775,1.0
1233,10.790895734467341,2.5365035082070557,1.0
1234,9.365651150159723,3.629083660302236,1.0
1235,9.357410167990448,2.6821383692340337,1.0
1236,9.826924011753816,2.320617228511095,1.0
1237,10.966988973497703,2.6538104852356432,0.0
1238,10.58427646732997,3.5569519359972848,0.0
1239,12.067998452315582,2.980836479475642,0.0
1240,10.946541771775793,3.222267073718055,0.0
1241,10.44158663588673,3.139545499672279,1.0
1242,9.367406200336422,2.9364491841754576,0.0
1243,11.161737611775658,3.4571158726457796,0.0
1244,9.082794229405861,3.3256008181966434,1.0
1245,11.39422791606652,2.1044788225971844,0.0
1246,12.547613569179013,2.0275350257137528,0.0
1247,8.831106389732259,2.6661685374663158,0.0
1248,8.012318991687007,2.1212861545516226,1.0
1249,12.190362249988647,3.1747725257753956,0.0
1250,12.276105143533403,2.7670912894440036,1.0
1251,10.401557597105061,2.3955908654708473,1.0
1252,9.335044401195002,3.8686363913483532,1.0
1253,11.24268499469828,3.8334251419445664,1.0
1254,11.93862579615849,3.1029949196731876,1.0
1255,8.967793242296425,2.396810270339253,1.0
1256,9.211665594935617,3.3411032467395314,1.0
1257,8.494886856562115,3.492600975504482,0.0
1258,10.639308243993783,2.2533090167208885,0.0
1259,12.751716106237089,2.0170940040550436,0.0
1260,12.99169296588235,3.8625853039672164,1.0
1261,9.396289333328234,3.69774979443674,1.0
1262,9.539147958728213,3.8475127448241215,0.0
1263,10.670460354935015,3.244039322158625,0.0
1264,12.76760988850693,3.111915473319167,1.0
1265,9.02495617907767,3.1537112070771522,1.0
1266,10.462889864565245,2.611012836872084,1.0
1267,8.490409339512293,3.584043567958751,1.0
1268,12.186967294283164,2.695996761542335,0.0
1269,12.436760019751816,3.59108856884432,1.0
1270,9.520091384566308,3.3685491427334573,1.0
1271,12.315518196136718,2.6680904301474366,0.0
1272,9.331814066559147,2.2469960377531835,1.0
1273,8.181334193783599,2.9897557140055993,0.0
1274,9.494953515710208,2.2834569279819723,0.0
1275,9.295383129245803,3.221444087132864,0.0
1276,10.56735076266353,3.383370547121697,1.0
1277,10.697873324251328,2.138936602104748,1.0
1278,12.173001450957653,2.9817923382326477,1.0
1279,12.274888328047929,2.0777718383926382,0.0
1280,11.288617567889537,2.407525499210207,1.0
1281,11.65032450917818,3.225777199715459,1.0
1282,9.146985268108415,3.569303012355303,1.0
1283,12.36201439646904,3.111319576549909,0.0
1284,9.800980606720096,3.419356596463505,1.0
1285,10.973092122389403,3.6800854121657394,0.0
1286,11.77888364966565,2.993031328495457,1.0
1287,11.072644668309588,2.7099239708140384,1.0
1288,9.748693345368803,3.078690273113051,0.0
1289,9.152128913728978,3.5511883677094818,0.0
1290,8.36853386009726,2.2752513501693366,1.0
1291,11.293719268846207,3.5869966652432494,1.0
1292,10.501003050740207,2.8818185420484546,0.0
1293,11.013056683857318,2.648975095138327,0.0
1294,8.46724596995243,2.2362723193977483,0.0
1295,8.265130367773448,2.5243531550938076,1.0
1296,11.353357567650816,2.6607319338085285,0.0
1297,12.527023645535946,2.4630863317707266,0.0
1298,9.532515353673196,3.7174457821110476,0.0
1299,8.235780623064302,3.9627679378728855,1.0
1300,10.228014140624294,3.1242751663341672,1.0
1301,9.901938595908629,2.9474971808071864,0.0
1302,8.47447476124087,3.266177207833298,0.0
1303,11.747064518730252,2.1694523662855865,1.0
1304,8.215480907117907,2.5743383190104216,0.0
1305,8.275712890420476,2.1036425395368044,0.0
1306,11.082655430865533,3.4532932012912116,1.0
1307,12.65506165144057,2.1540567778509216,0.0
1308,11.905721364396053,3.8879704299033877,0.0
1309,11.594890016149423,3.8983804182914232,0.0
1310,10.195088382453571,2.492837191452807,0.0
1311,9.239839060422216,2.108609594084063,0.0
1312,8.541562774166513,2.935683618135366,0.0
1313,11.709916105028112,2.729959352794414,0.0
1314,10.884645357422698,3.082488902401412,0.0
1315,9.701497648277906,2.8480672275130616,1.0
1316,11.303001015901092,3.7393133623831427,1.0
1317,8.509183350753519,3.7318038007973744,0.0
1318,9.416603494050499,2.569236104020974,1.0
1319,12.80401504007061,2.157436906705664,0.0
1320,8.73957443369559,3.8809522255149265,0.0
1321,8.84848194734433,2.8658994338728676,1.0
1322,8.537868017164952,3.171169789867044,0.0
1323,8.867233551536835,3.4948274711402636,0.0
1324,12.478630650909315,2.5461359423287577,0.0
1325,8.003197098857681,2.671901592685212,1.0
1326,9.884911156575422,3.9848672012743487,1.0
1327,10.140909900786683,2.8516246513629904,1.0
1328,11.890391965886952,2.191325361935206,1.0
1329,10.376589265739685,2.239103141075365,1.0
1330,8.312106717060415,2.2647597830668964,1.0
1331,10.050418383590973,2.3156690874998493,0.0
1332,10.273721625343263,2.007116676859998,0.0
1333,10.463026404905616,3.3326541657689743,0.0
1334,10.604756047726143,3.6263609512858848,1.0
1335,11.190783114299638,3.7430509504770466,0.0
1336,8.614061327872381,2.2335892414998675,1.0
1337,10.255664915337192,3.0624885532944144,0.0
1338,9.43435742196548,2.060955344095048,0.0
1339,9.210625479357939,2.9160177709733626,0.0
1340,10.781330852866766,2.4641304807163165,1.0
1341,11.997966277290075,3.9922550342808787,1.0
1342,9.878051066411508,3.9638500690623144,0.0
1343,11.62288074151571,2.1745422868807256,1.0
1344,10.183923342276358,2.913141198157305,1.0
1345,8.653475846883664,2.927041693606852,0.0
1346,9.791706645517193,3.6148925396914393,1.0
1347,11.968265756154914,2.5161573277807348,1.0
1348,11.38935012376118,3.188266673882299,1.0
1349,10.073287227464734,3.071036305118752,1.0
1350,12.999674143766729,3.530293426260182,0.0
1351,12.640054254924195,2.7457445214692138,0.0
1352,8.298505580099246,3.0125544011646457,1.0
1353,9.851412316740971,3.2130824662561057,0.0
1354,12.567264638072679,3.7126083464659807,1.0
1355,12.049316281017482,2.186717306225403,0.0
1356,8.311338808220926,3.374742813973376,0.0
1357,9.678625521812098,3.391003724373607,1.0
1358,10.091778466523138,2.083883250394461,1.0
1359,10.227562309196358,2.1035633547190393,1.0
1360,10.620246396829117,2.341430330735851,1.0
1361,10.852365739462893,2.6304549022512203,1.0
1362,12.047684966387017,3.8209099948733503,0.0
1363,9.144093449450592,3.350181115486114,1.0
1364,11.00625198963256,3.881409433315266,0.0
1365,9.436307376446125,2.4983847266861225,1.0
1366,12.561304727738424,2.8690041556615125,1.0
1367,10.513826991377965,2.980067510977692,1.0
1368,8.738088466874883,2.462248566556948,1.0
1369,11.619483138549732,3.669573340807548,1.0
1370,10.154254937121038,2.1877357179894803,0.0
1371,9.079441093005794,3.8215455772878983,0.0
1372,11.406382099636394,3.520549520572769,0.0
1373,9.247558107879154,3.717101720578306,0.0
1374,10.630323303053961,3.7423779322763355,0.0
1375,9.198778275057098,3.408026065944304,1.0
1376,8.386132709149718,3.670956629376767,0.0
1377,8.3120234687606,2.7986282312650586,1.0
1378,12.803477945467687,3.484435781919297,1.0
1379,11.998417079068702,2.3781205223189534,1.0
1380,10.008311502726672,2.952953960323496,0.0
1381,12.777063344562508,3.2819853728224344,1.0
1382,11.766176296939692,3.4327702320844686,0.0
1383,9.125382236075119,3.378337786089009,0.0
1384,9.328735372269934,2.40658644171764,1.0
1385,10.203476183321143,3.9994075534518454,0.0
1386,11.1632678725724,3.430364785646426,1.0
1387,12.620861787629867,2.059648576073986,0.0
1388,8.349193967827603,3.9865694304895136,0.0
1389,12.589418602489973,2.3736923633569864,1.0
1390,9.019395080971478,3.2877763300747684,1.0
1391,9.610372773021377,3.8658493549865516,1.0
1392,11.945586546227732,2.820262911286491,0.0
1393,11.34870207473743,2.6279811464397658,1.0
1394,9.669997030413857,2.944588508092888,1.0
1395,11.35209831002304,2.297271957681682,0.0
1396,8.988900303924245,3.347717736787467,1.0
1397,9.722327362052225,3.009281909315666,0.0
1398,12.285481425372607,2.8293017374061216,1.0
1399,9.44600157950817,2.253443790589881,1.0
1400,9.22003629336023,2.8829723612098013,1.0
1401,10.482784643072034,2.6809657399220663,0.0
1402,8.842408597124487,2.7795609256364155,0.0
1403,11.022072732178646,3.9232076315377755,1.0
1404,9.55431602983678,3.63019284545458,1.0
1405,11.707646168226374,3.2258955388549158,0.0
1406,9.45696536719095,2.156293938458609,0.0
1407,10.587124735772068,3.497750330833443,1.0
1408,10.339562365875015,2.3506572557754883,1.0
1409,8.583399083732726,3.2110797794759742,0.0
1410,10.174753779492885,3.0852061850668813,1.0
1411,11.294618388864016,2.273715144663363,1.0
1412,10.308970648681708,3.733661047540707,1.0
1413,11.873451506454899,3.125365639409546,0.0
1414,9.15361097369936,2.517578026571793,1.0
1415,8.687061969340746,2.0082237029538517,0.0
1416,11.558441712583079,2.5898617618918256,1.0
1417,12.933309735870363,3.2250819346658854,1.0
1418,9.219072299186495,3.0946005470692137,1.0
1419,10.838315978998747,2.652448220584187,1.0
1420,8.130115967794124,3.946187620770421,1.0
1421,10.998554285862882,3.548326190657824,1.0
1422,8.74041313970797,2.485902809068938,1.0
1423,8.48174584733433,3.755917157481611,1.0
1424,10.627993520154618,2.1386080852368243,1.0
1425,12.078739702105933,3.9041182354199035,0.0
1426,12.598387657669573,2.12753435036562,0.0
1427,9.921171336165383,2.477637885752049,0.0
1428,8.837240798828732,3.222702607862984,1.0
1429,10.821390485287152,2.8042727202034587,1.0
1430,12.702807486502682,3.614644885598456,0.0
1431,8.019323129403045,3.4898664992630604,1.0
1432,10.449341012111358,2.380524784695691,1.0
1433,9.672360161527921,3.6501157725465836,1.0
1434,10.103834866237406,2.643405205783838,0.0
1435,12.212721952058873,3.8486569037195504,1.0
1436,11.82096502519294,2.89488012703086,0.0
1437,12.152002996267031,2.630226935037919,0.0
1438,9.564117974696646,3.350044197075265,1.0
1439,8.373998079314394,2.5785975307113382,1.0
1440,12.511063443432182,3.1688195295334305,0.0
1441,10.268655317069495,2.353129785795148,1.0
1442,9.501778491328174,2.927717924318983,0.0
1443,11.874896311043084,3.654672598949948,1.0
1444,11.123765976953626,3.8618553235546074,0.0
1445,12.086542725001538,2.7262648380479346,1.0
1446,8.720882313276949,2.803047933238389,0.0
1447,9.27726885791419,2.749032564507006,1.0
1448,11.204416722012773,2.0350849758589247,0.0
1449,10.819785536132745,3.4588110751692396,1.0
1450,12.434010454166401,2.9905030602403864,0.0
1451,12.509415239003898,3.540876105613533,1.0
1452,10.518509745798937,2.3454351385631123,1.0
1453,11.404778541223745,2.4302321865535865,0.0
1454,8.833535970378062,2.587541145906406,1.0
1455,11.31200212425841,3.107926366856632,1.0
1456,9.068220481949126,2.3817215141230736,0.0
1457,8.089155481541969,2.8801125597127597,1.0
1458,8.805774279841552,2.5362605149242055,1.0
1459,8.581573590062716,3.146729357265407,0.0
1460,8.186643983984247,2.0917516617630865,1.0
1461,11.848143880223613,3.4463381778290536,1.0
1462,10.99068437534886,3.2385526544786254,0.0
1463,11.885442168096814,3.2095810731753547,1.0
1464,11.02979006386088,2.438479006892954,0.0
1465,8.119619377354946,3.2726860091089884,1.0
1466,10.975417750356812,3.262184082990846,1.0
1467,10.128966081339811,3.4097982425337876,1.0
1468,10.958480678933277,3.918261703668982,0.0
1469,8.706174848976016,3.961024565685074,1.0
1470,10.729757566938806,3.248289380633718,0.0
1471,9.469245822545838,3.429698276482036,0.0
1472,8.68574760821025,2.191297434443808,1.0
1473,12.804301853755543,2.5118586396125675,0.0
1474,9.828611397019248,3.5221837555688635,0.0
1475,10.931122536295145,3.4988763978059394,1.0
1476,10.084280019047057,3.3405318669443216,1.0
1477,10.016789557045207,2.8996716439703882,1.0
1478,10.679706621789157,3.095916997803231,1.0
1479,11.46663992925385,2.0331423789873937,1.0
1480,8.167384867584257,3.1290310689975844,0.0
1481,9.045192743131434,2.4008946751693863,1.0
1482,12.662832301844428,3.958001701940918,0.0
1483,10.96407895787789,3.141479765842882,1.0
1484,9.722642233346477,2.4974698690312582,1.0
1485,11.297396821730477,3.8966406098982875,1.0
1486,8.671943760252768,3.853846422393075,1.0
1487,12.479956569147099,2.4305719792426705,0.0
1488,12.820573202851985,2.36782688626558,1.0
1489,8.41225950520459,2.744293032989683,1.0
1490,9.252927294363012,3.9098279874366453,0.0
1491,11.72230149392161,2.1918463196260474,0.0
1492,11.24320296061082,2.021482981748374,0.0
1493,9.122292379673995,3.1831192859875106,1.0
1494,9.65127589853497,2.936076114661703,1.0
1495,10.346443383967621,2.8329044637365666,1.0
1496,8.107440838081164,2.8836390091279194,1.0
1497,10.746689226069515,3.5619761673703243,0.0
1498,10.444748065555196,3.2429768922628455,1.0
1499,11.622295961039406,2.3318605907707104,0.0
1500,9.109386354321279,2.6448222015206344,0.0
1501,10.227484979559893,3.293416345932558,1.0
1502,12.30892956699794,2.431466819619615,1.0
1503,9.819485071662108,2.4814320514300148,0.0
1504,12.456491525309648,2.41972429033847,0.0
1505,10.972456839889574,3.572988585678242,0.0
1506,9.6498868652135,2.133292645746276,1.0
1507,10.889630684865379,2.845587909563734,1.0
1508,10.506228748226043,3.789859893884798,0.0
1509,12.346096109482447,3.3783010683261314,0.0
1510,9.208334942533767,3.1251852273098804,0.0
1511,9.659142583601568,2.2165540756844546,0.0
1512,8.476128106460443,2.5459889846546613,0.0
1513,10.653639143147885,2.8652971032923737,1.0
1514,8.580756504210242,3.2978369914434014,0.0
1515,12.22477389178493,3.3174660562715763,1.0
1516,12.515147012884363,2.0807904006981923,0.0
1517,11.782012882763492,2.800423461798527,0.0
1518,12.75128968097588,3.462992853323503,0.0
1519,12.904227116578273,2.8937478041432048,1.0
1520,9.707887636672691,2.064731657242449,1.0
1521,10.138817452267094,2.770047842681403,0.0
1522,9.201020958962742,2.4162267048752852,0.0
1523,9.523138619424282,2.0736697218508633,1.0
1524,10.428259716363472,3.786031488549474,1.0
1525,10.039935783469984,3.1997193268529998,1.0
1526,11.599367135169922,2.96714589664601,1.0
1527,8.542639007589717,2.847529290914064,1.0
1528,10.384305121295268,3.1836447829895356,0.0
1529,8.374356740528258,3.9297229325061034,0.0
1530,11.013437513108459,2.8985944936654526,1.0
1531,8.723912424705807,2.138704879503906,0.0
1532,11.911899466549027,2.5555935871835356,0.0
1533,8.496224277527242,2.6381900670572875,0.0
1534,9.206185636957262,3.8924736816759147,1.0
1535,10.40633189905646,3.6578927192246624,0.0
1536,8.989722339168038,2.7992232374176353,1.0
1537,8.960843238218736,2.384878699149935,0.0
1538,10.803301212763209,2.8745107292838408,1.0
1539,12.339383201169158,2.087906356587234,0.0
1540,10.452145196512525,2.8838124613809604,1.0
1541,11.987055708710539,3.3729637329539077,0.0
1542,10.564419262043362,2.965069936873003,0.0
1543,10.036003858700274,3.0492516535851575,0.0
1544,11.692263177767025,2.539969452104955,0.0
1545,12.383472989359957,2.5550027636957613,1.0
1546,12.538495384032576,3.6455209092759624,0.0
1547,11.258886513896988,3.6961842302634667,1.0
1548,12.755699988231722,3.5793853083099156,1.0
1549,11.35289275555225,2.421910169306244,1.0
1550,10.58918387513831,3.6750547597187153,1.0
1551,9.448007156259166,3.5816027785745708,1.0
1552,8.348196233714011,3.123819628066754,0.0
1553,11.371021062064942,3.6687663812886253,1.0
1554,10.435124131969445,3.050438385071067,1.0
1555,9.978411033453913,2.9594415467649062,1.0
1556,8.725550536387368,2.355735986458849,1.0
1557,8.839892543884591,3.2263967201159702,1.0
1558,8.101980287367583,3.5317306986915247,0.0
1559,9.15310216181321,2.4445682346797613,1.0
1560,12.024994052345544,2.4759601638232605,0.0
1561,10.260326684701864,2.8689640857793446,1.0
1562,11.572833495255324,2.958413061834314,0.0
1563,12.829004889211317,3.035676965280115,0.0
1564,10.096312748755816,2.750107590371594,0.0
1565,10.520477796596271,3.835574989270089,0.0
1566,12.304797131022156,3.9726868479069863,0.0
1567,11.758432982673172,2.556229329770379,1.0
1568,12.86799365217599,3.6698547736784826,0.0
1569,11.626533738148503,2.8368636714544078,0.0
1570,11.184547504488876,3.466694622533323,0.0
1571,12.578967322657217,2.910824215599799,0.0
1572,9.837335722003255,2.907171166807398,1.0
1573,10.367500332891053,3.914970370578355,0.0
1574,12.631902328514737,2.812760840309767,0.0
1575,9.063690584307974,3.295551234814961,0.0
1576,8.497062484986458,3.8022439153729444,1.0
1577,8.001140672277407,3.851597629480921,0.0
1578,9.804785186617368,3.4681189764761156,1.0
1579,11.509959043027166,2.906899807597065,1.0
1580,10.002773612447312,3.5961296804093523,1.0
1581,10.67409176693214,2.664449731054765,1.0
1582,9.074246610846068,3.383049539468054,1.0
1583,11.78835960030521,3.7503901875403836,1.0
1584,12.536669768935369,2.1232033183519254,0.0
1585,11.626131345314093,3.1179387452886482,1.0
1586,8.258112770961477,3.44763344428869,1.0
1587,10.840615661014613,3.2131799583033764,1.0
1588,8.761477922809583,2.901681617424109,0.0
1589,9.12351448783555,3.72211289457189,0.0
1590,12.112181429374834,3.96244221397655,0.0
1591,10.193573408423823,2.5764042798994398,0.0
1592,10.89587282793307,2.7862164740682474,0.0
1593,10.311346323099022,3.51208826593761,1.0
1594,9.596794320333613,2.1239314294861895,0.0
1595,12.932837251635116,2.0702283478364882,1.0
1596,10.749482346859601,2.0432776779230926,0.0
1597,8.487257670972129,3.868930404675743,0.0
1598,10.422932467700885,2.6156985005411895,1.0
1599,11.927499186236272,2.639046878141908,0.0
1600,12.133901627219714,3.8200924747021245,1.0
1601,9.942883303973312,3.8269576100331384,1.0
1602,11.172352451214966,3.7922222947355912,1.0
1603,8.294419333630609,2.6280119565256808,0.0
1604,10.753755025386951,3.672754986048149,1.0
1605,10.545046740495003,2.2597425869890007,0.0
1606,12.969265300174229,2.329128812234062,1.0
1607,8.5582767993519,2.8050395703883257,0.0
1608,9.68106679803854,3.1690322708575627,1.0
1609,12.960160510734795,2.4543167817217055,1.0
1610,8.24263609316108,2.918168376188569,0.0
1611,9.004277395072899,2.759795993123854,1.0
1612,9.07246331669061,3.276895984581955,0.0
1613,11.660988966025336,2.799635314509421,1.0
1614,8.370897230223092,3.6592259916019287,1.0
1615,8.459032927553032,2.329335024322546,1.0
1616,11.03818068868182,3.3031906502637494,1.0
1617,9.637175842327279,2.6999116938978425,0.0
1618,12.773520130202407,2.021562555281212,0.0
1619,9.285196088968885,2.518137096043466,1.0
1620,10.849238283316161,3.9737319097727184,0.0
1621,11.043233109855192,3.4503742243188733,1.0
1622,8.731081610978936,2.7131619826501874,0.0
1623,9.505442023905964,2.3363708816341573,1.0
1624,8.631904980338392,3.0952219998266908,0.0
1625,8.454394986486932,3.6514334105392914,1.0
1626,10.75951163548574,2.9410367743358288,0.0
1627,9.47553689700843,3.443060775939184,1.0
1628,10.664898862124469,2.989253717783776,0.0
1629,10.805872639165125,2.526297172224516,0.0
1630,12.188795604152261,3.538527184666994,1.0
1631,8.859103269295165,2.689992252582928,0.0
1632,8.674087776126894,2.6558165935944107,0.0
1633,9.309549662694192,3.3059783670084895,1.0
1634,9.942726739807828,2.00713408242534,1.0
1635,11.825079750272655,3.0036117054420104,0.0
1636,8.009452575316441,2.0848565715531775,1.0
1637,10.321515619502023,2.7601606482231094,0.0
1638,12.147861128378898,2.9455312949930295,0.0
1639,12.97148388828597,3.691782953039024,1.0
1640,10.561340340879642,2.970105452440727,1.0
1641,9.605013281658977,2.820442917602517,0.0
1642,12.191495579078893,3.4221505356035573,1.0
1643,12.304684747770743,3.5112504334640557,1.0
1644,12.364405110238625,2.583976471068511,1.0
1645,9.36726023119991,2.9944441754046096,0.0
1646,12.585449697418404,3.5277577977873884,1.0
1647,8.37674975040775,2.414997287294643,0.0
1648,9.932377540882484,3.297531589207202,1.0
1649,11.053152252344697,2.6867064891880172,0.0
1650,11.187024065364287,3.283828317518291,1.0
1651,10.980868361408962,2.3821730185440373,1.0
1652,9.018211030768555,3.9726054944400806,0.0
1653,8.388740165149969,2.9781425275999185,0.0
1654,12.873375558461234,3.1458321881130535,0.0
1655,11.587655469666196,3.001325889036818,1.0
1656,10.00585581545154,2.2765461760064603,1.0
1657,11.715376289519398,3.579191819255729,1.0
1658,9.470006604024231,3.143339161249906,1.0
1659,12.158837702138005,3.9313706721569446,1.0
1660,8.005835232402159,2.3559531513654086,0.0
1661,11.27543287399594,3.8248785985159888,1.0
1662,11.670558163853121,3.84317295624263,1.0
1663,10.824673503861344,3.570197257509315,0.0
1664,8.206335454920833,2.76510383950776,1.0
1665,8.119709006521859,2.782564582076003,0.0
1666,8.889389886418332,2.244221045336028,0.0
1667,11.22909477901069,3.7061650923798037,1.0
1668,12.64011910789895,2.523240856509973,1.0
1669,10.156014530257197,2.1964360920927026,0.0
1670,9.333707305354341,3.966322957211145,0.0
1671,12.13813399073335,2.4032538823119936,1.0
1672,11.944539788792124,2.252037737186953,1.0
1673,12.054515327838388,2.452885254349989,1.0
1674,12.960650150715438,3.0119024409757684,0.0
1675,10.721109415593189,2.3756853768878616,1.0
1676,8.263445041875348,3.542211200205154,0.0
1677,10.797456239278082,3.9262787484913835,0.0
1678,9.78835987239517,2.6783942882572798,0.0
1679,8.608087075338078,2.1663398831343885,1.0
1680,9.656574928026144,2.1536311093546976,1.0
1681,9.617920762063433,3.010956782499612,0.0
1682,10.21355731653341,2.010667584538412,0.0
1683,8.340622481706042,3.8722051668825066,1.0
1684,10.74651940763765,2.3512942140886,0.0
1685,8.491710068053584,3.044494693119085,0.0
1686,11.758144765364843,2.3612234645242927,1.0
1687,8.754146152085106,2.4225082050984414,0.0
1688,8.34571672521167,2.6437835193441894,1.0
1689,9.796544704775581,3.8907731603287417,0.0
1690,8.80918860152631,3.1971579130056353,0.0
1691,9.111736205561334,3.072557320369685,1.0
1692,8.591049625237423,3.584373346413472,0.0
1693,12.200442758023103,2.047196227430198,1.0
1694,10.366633262468794,3.8546195504301153,1.0
1695,12.05753956362729,3.4922669153963772,0.0
1696,11.919223828961629,3.6922020541076392,1.0
1697,9.65649991067565,2.3188700933939965,1.0
1698,12.439011764449027,2.587209833489265,1.0
1699,9.665285800633821,3.2066401424034847,0.0
1700,12.745773072958286,2.089403859914573,0.0
1701,12.056423652503543,2.5234581592845293,0.0
1702,9.597579670564835,2.2890234004188046,0.0
1703,11.638470718270419,3.866118385929335,0.0
1704,8.800292172554009,2.1745537885708397,0.0
1705,11.414995398836824,2.1073086402710164,0.0
1706,9.862074364727995,2.2894750031904763,0.0
1707,10.224616633121995,2.2248383395717504,1.0
1708,12.12128812717947,2.3568749097260144,0.0
1709,12.327911626726996,3.6629876122499896,1.0
1710,8.961682551538363,2.693999168492989,0.0
1711,11.979661003179505,3.1856776350621416,0.0
1712,11.79466153699572,3.8978454763962906,0.0
1713,12.359671460509771,3.6422953833016773,1.0
1714,9.654941402800764,3.1221089739064554,1.0
1715,8.667382922869809,2.121303060588782,0.0
1716,9.174905252348799,3.726139976703343,0.0
1717,11.177631754301945,3.1104621483034376,0.0
1718,12.987294538094678,2.488294652291112,0.0
1719,12.439674019754897,3.0677443843597443,0.0
1720,8.350421819468135,3.36051172717755,0.0
1721,12.463031032765976,3.881610433626886,1.0
1722,11.588387138807853,3.572548751984594,0.0
1723,9.89791583254328,3.27983854632401,0.0
1724,8.418633029478242,3.9528479225947932,1.0
1725,9.272363701563886,3.774512027647239,0.0
1726,12.579578739980814,2.5582984856492383,1.0
1727,10.890413380423615,2.7537177833242685,1.0
1728,11.238302573229298,2.905613854357514,0.0
1729,9.610214166505967,3.993403099901454,0.0
1730,10.214256873078199,3.720916614370199,0.0
1731,10.304581014234156,3.775013058323417,1.0
1732,10.896023014258269,3.807221158865925,0.0
1733,9.265426205452197,2.7544937107162064,0.0
1734,9.246734070881878,3.1510476671144385,0.0
1735,9.947792320246576,3.015555216120198,0.0
1736,10.879895689155216,3.3169888762279935,0.0
1737,11.797651618305451,2.400926822970171,0.0
1738,9.726823345938888,2.1126574157596587,1.0
1739,10.118933871291091,2.635226908952405,1.0
1740,10.20924502575933,2.0239794161194204,1.0
1741,9.486837428417097,3.659978884337161,1.0
1742,9.075342212968113,3.7701729162252455,0.0
1743,12.613138724984562,3.350498010255813,1.0
1744,10.866321289641522,3.1623927361520283,1.0
1745,11.928528377505911,2.0322457888227614,1.0
1746,12.819703387126385,2.3798199119920733,1.0
1747,10.3369013514109,3.198388246584659,0.0
1748,12.405676562792676,3.940635534517208,1.0
1749,11.901933543891797,3.1811269168839345,1.0
1750,9.145735902705983,2.147850140434472,0.0
1751,10.794766073975389,2.5887597453450457,0.0
1752,11.243599098888382,3.850624689687919,0.0
1753,11.486069586051455,3.4039177421551416,0.0
1754,10.027760042648241,2.865426628425687,0.0
1755,10.903655626928332,3.7300913380213765,1.0
1756,9.699906978408455,3.8274087800563006,0.0
1757,10.43044362433777,3.1104236616891314,0.0
1758,8.665997518500049,3.1008166115726645,1.0
1759,8.21397947406019,3.1910755078640287,1.0
1760,10.801149296278542,2.9790207421982435,1.0
1761,11.47719606438691,3.726214849466677,1.0
1762,10.942010992665598,2.6582206185920043,1.0
1763,11.503201540622992,3.5060453838785164,1.0
1764,9.342593421075309,2.3079219520122756,1.0
1765,8.489754268889216,2.6954735005124677,1.0
1766,8.343254009310673,2.2185758730650997,0.0
1767,8.87054849263263,2.3327665769078143,1.0
1768,9.883324604877977,2.4933419179881695,0.0
1769,11.528521230098756,3.5943277957808477,1.0
1770,8.037531937549355,3.4710005176747423,1.0
1771,8.292434979071983,2.5562019959423923,1.0
1772,10.644366164055988,3.1851160166718295,1.0
1773,8.847785486793255,2.8787509775701814,1.0
1774,10.660270619420015,3.5330740773483926,1.0
1775,10.639801244632418,2.6561404676054075,0.0
1776,9.641050622900515,3.027076262164512,0.0
1777,10.30295066466774,3.6176924195561058,1.0
1778,9.275010748827217,3.8354108512816243,0.0
1779,12.171609947806687,2.260028102517175,1.0
1780,9.908219718073534,3.2664160640685544,1.0
1781,11.035798083039118,2.0866987329570814,0.0
1782,8.36064892117772,2.4568672017525404,0.0
1783,12.089623582320058,3.639872538163166,0.0
1784,11.28992129379454,3.033036905354227,1.0
1785,10.25910722757821,3.7919676855300124,0.0
1786,11.597203128137929,3.0192640704367726,1.0
1787,9.134205068240702,3.4656328118593347,0.0
1788,10.943963461866364,3.0483907404589745,0.0
1789,12.187021292084879,2.2435820066801115,0.0
1790,9.164825383380444,2.259800793545575,0.0
1791,9.928937870599867,3.8162787363323702,1.0
1792,8.61127767180331,3.4263669244333324,1.0
1793,12.728785211397,2.680460122331639,0.0
1794,12.24098257067585,3.4991301279099187,1.0
1795,9.334350206893076,2.6164803033809743,0.0
1796,11.467990210354497,2.6625720815557528,0.0
1797,9.778446978830239,2.8060245534725325,1.0
1798,8.802908369241216,3.024223542874924,1.0
1799,12.103265820345406,2.6612045402921476,1.0
1800,12.543134274456142,3.1164687219657825,0.0
1801,12.33484207222234,3.4397104854877836,0.0
1802,11.342326339624627,3.4892425698137046,0.0
1803,11.464441252598187,2.571959158477811,0.0
1804,8.414459647407458,2.219635151427961,1.0
1805,10.991223955211481,3.8771438929384727,0.0
1806,8.80376515762854,2.037658050672811,0.0
1807,9.671093602250398,2.1730740027548725,0.0
1808,11.88931508977841,3.7292940104591232,0.0
1809,11.870465517832146,2.1850075193183547,1.0
1810,11.953361861236885,2.577039810552763,1.0
1811,10.37148643718553,2.740884718983706,0.0
1812,12.01891744950002,3.5918442538677016,0.0
1813,11.661672296293183,2.6502715128506673,0.0
1814,9.406763382293642,3.8010296737240887,0.0
1815,8.340515644246164,3.7220584076701213,0.0
1816,11.45421554425414,2.2566274704247906,0.0
1817,11.123416486404706,3.784375621080301,0.0
1818,11.11608214070089,3.758921077506386,1.0
1819,12.670722762319611,3.4828851799871985,0.0
1820,11.974130917796682,2.5659363751130932,0.0
1821,10.107885703199797,3.0647361491309626,1.0
1822,11.639653795680765,3.888606430379106,0.0
1823,8.752219716315757,3.4032576294061285,1.0
1824,11.521789948632568,3.7476910986627163,1.0
1825,8.801887523786206,2.2576200869001184,0.0
1826,12.884264733131268,3.3704594739977427,1.0
1827,11.0104611776897,2.4046227746224362,0.0
1828,9.436041217568816,3.9389048463302525,0.0
1829,8.590721669951547,2.9628219214427594,0.0
1830,12.773026324379643,2.0082164945660894,0.0
1831,11.563978503956054,2.5119763625821494,1.0
1832,9.122959011080507,2.6250961922193614,0.0
1833,11.000422649811233,3.6335562170750375,1.0
1834,11.707753127512873,3.543983942071368,1.0
1835,8.721736372726479,2.0746371057406616,1.0
1836,12.995756122241694,2.717909793051885,1.0
1837,9.792970156729831,3.93803036857983,1.0
1838,11.210607754474978,3.234893468224633,0.0
1839,9.58594376282361,3.405520099383909,1.0
1840,12.941137910184517,2.8611997252063777,0.0
1841,9.254462539127447,2.267190683515868,1.0
1842,9.729903916346778,2.9570890658641136,1.0
1843,10.470504948355103,2.7061956537437166,1.0
1844,10.292137879272591,3.634430695481246,1.0
1845,9.980023809448902,2.1108136583059625,0.0
1846,10.797358754463547,2.6692464208734714,0.0
1847,10.677445717156797,2.2378921123998623,0.0
1848,9.019616153704408,2.135526211617244,0.0
1849,10.684458791146199,3.5609788090705417,1.0
1850,10.505498849966557,3.932864349062455,1.0
1851,12.48680304538841,2.844186017571908,0.0
1852,11.186681659975426,2.7704573119742655,0.0
1853,10.006419905964396,2.709663082985382,0.0
1854,10.338851931293535,2.1250076967824656,1.0
1855,9.878759985053112,2.9472957120111527,0.0
1856,8.136063306562717,2.8333571969013747,1.0
1857,9.083904329296661,2.0848906521618478,1.0
1858,11.797258521581739,3.8887560591338612,0.0
1859,11.085203793081247,2.844268465351502,1.0
1860,11.087616597051781,2.109937517020078,0.0
1861,10.597423932370805,3.1660605712258176,0.0
1862,11.806020986487736,2.645756998518583,1.0
1863,10.899664953511497,2.0606622794394367,1.0
1864,9.408352247861437,3.6230156594605107,1.0
1865,8.855503376372463,2.4813021556906287,0.0
1866,11.570481041381273,3.059698098156207,0.0
1867,11.446964870864003,3.763992625538787,0.0
1868,11.50577612950751,3.4494566803471187,1.0
1869,11.605907854856548,3.702960480111412,1.0
1870,9.020715162096456,2.248317203094185,0.0
1871,9.508280551432158,2.0449416366185367,0.0
1872,9.299274296875758,2.798639852821175,0.0
1873,9.351756022148198,3.909038024555519,0.0
1874,11.327884067835448,3.473349240331742,0.0
1875,11.844458276219664,3.249574712860399,1.0
1876,9.708189124891106,3.8953778542942343,0.0
1877,11.981054715571874,3.517313388866069,1.0
1878,8.345856839122009,2.492650952157463,0.0
1879,10.023587422363471,2.2386919800058815,1.0
1880,9.193382776632522,2.2947672013782547,1.0
1881,11.258969824159124,2.0724049586086664,1.0
1882,8.836639681552631,2.770782759848319,0.0
1883,9.417404366144954,3.589872789034338,1.0
1884,10.598322017343232,2.801510843258142,1.0
1885,9.445522499337004,3.064175235550812,1.0
1886,8.019615247033332,2.204426594379213,1.0
1887,8.338267200010064,3.5675621202435845,0.0
1888,12.087528783435065,2.869126545645819,1.0
1889,9.86753430488864,2.7712635784613697,1.0
1890,8.80661882474882,2.1488233522500844,0.0
1891,9.244939847283213,3.3612392196068885,0.0
1892,12.937479532464195,2.2047628105593313,0.0
1893,10.700793873594606,2.4422569178839213,1.0
1894,12.297857464429736,2.3147752922456757,1.0
1895,9.525638958761501,3.819757429281788,1.0
1896,11.679568261217565,2.282609576698588,1.0
1897,11.041892344340042,3.9531315324588334,1.0
1898,11.167913089318386,3.3510628739175417,1.0
1899,8.686303876016188,3.502896436855379,1.0
1900,9.732815996584732,3.7803180050365586,0.0
1901,11.889818743089618,3.6097343112087468,1.0
1902,9.604229551605895,3.5273015288423806,0.0
1903,8.966714182630025,2.1675247402646116,1.0
1904,12.643667125140865,2.726821698598851,1.0
1905,8.697178720071237,3.143519598694362,1.0
1906,11.396953808039736,2.2783971833203047,0.0
1907,12.48416309027074,2.5409052152814793,1.0
1908,10.4125323615713,3.915344333171579,0.0
1909,10.826542741091211,3.9529425793636355,0.0
1910,10.927024492697203,2.219748299146774,1.0
1911,10.520552304023775,3.644781886603054,1.0
1912,11.54082681487308,3.5988781842294992,0.0
1913,11.581589430940276,3.8843764176954654,1.0
1914,11.772856353252898,3.162924594596656,0.0
1915,11.994773934634173,3.1630032473842657,1.0
1916,11.741662693518455,3.010151796570258,1.0
1917,12.518968355211552,3.947927667463004,0.0
1918,12.457382004176633,3.9473755571981055,0.0
1919,8.140027802960653,2.804235647151808,0.0
1920,12.834645346295344,3.8595859789700766,1.0
1921,8.456302302620706,2.806545151489538,0.0
1922,9.782121509395333,3.39391082061188,1.0
1923,8.445460309528627,3.2329265444396618,0.0
1924,12.116934766760316,2.9129873112252707,0.0
1925,12.855615470244372,3.926971929964311,0.0
1926,9.69150257873659,3.190026714029764,1.0
1927,10.591998678959335,2.103056401586066,0.0
1928,10.72647044780712,2.0856057019198246,1.0
1929,12.31136116859038,2.258080007120781,1.0
1930,10.108490466381246,3.9270463393799204,1.0
1931,8.607267586177436,2.949992866646868,0.0
1932,8.733912576548976,2.597704359595615,0.0
1933,8.835459804639655,3.8695431758280803,0.0
1934,9.362020766125212,2.3991901333183585,1.0
1935,11.66849913849214,2.0453571218668594,1.0
1936,11.13140845909912,3.9038240262242825,0.0
1937,11.631398229375023,3.053091898508377,0.0
1938,10.991660818944695,2.6600794735388593,1.0
1939,11.43383264096441,2.532541223020613,1.0
1940,8.029893970869546,2.043707270151277,1.0
1941,8.92792791812198,2.5446721674131396,1.0
1942,12.137072911687216,3.6714328876747473,0.0
1943,12.606547795051412,3.1278421659028597,1.0
1944,8.500254602351898,3.8376973065323483,1.0
1945,9.689753426473054,3.481877963065831,0.0
1946,12.307269416259311,3.453033420953279,0.0
1947,9.924350838912725,3.3074049403499037,1.0
1948,10.052826444701006,2.4778218599384183,0.0
1949,8.841729303843671,3.9869234255239636,1.0
1950,12.466681203707056,3.3037709712563013,1.0
1951,9.539426295326521,3.9667635796985374,1.0
1952,8.923035033588935,2.8181373007466997,1.0
1953,11.862611328861593,2.4812825415027966,0.0
1954,9.091850329008055,2.435903702714427,1.0
1955,10.346399819154687,2.500127892078212,1.0
1956,12.298328540815689,3.734919475571764,0.0
1957,9.391365730243283,2.807317406460165,0.0
1958,11.816159418854946,3.4945967569330336,1.0
1959,12.128473973719826,3.740571870956024,0.0
1960,11.003924804448067,2.331210263915869,0.0
1961,8.926815045193736,2.3262632427350622,1.0
1962,9.294189536676967,3.507931522618245,0.0
1963,9.374353097996822,2.99820831247789,1.0
1964,12.918043370320362,2.47826612992456,0.0
1965,12.75613015104857,2.431642556999935,0.0
1966,12.669018883439438,2.8436298480276694,0.0
1967,8.020352468538704,2.7881660679538243,1.0
1968,11.0417624409558,2.0878685266393937,0.0
1969,8.691428674687174,2.125963651184284,0.0
1970,11.06592188355088,3.058732977353438,0.0
1971,10.696364166107616,2.042464471478537,0.0
1972,11.387636419437278,2.677201021110573,1.0
1973,10.231050353328325,3.0271977026162498,0.0
1974,10.09727966083243,2.151179640886721,0.0
1975,9.58894140929448,3.6785092518833853,0.0
1976,11.998930015437535,2.2962422461075054,0.0
1977,12.679985286241973,3.5061194069939923,0.0
1978,11.184225155563798,2.0827785750667296,0.0
1979,8.971107520012513,2.308915716732391,0.0
1980,9.870855083689078,2.493732655271219,1.0
1981,8.428410143153787,2.462369132490548,1.0
1982,12.127334867216462,3.8494987315548927,1.0
1983,8.89262782727523,3.450071242561571,1.0
1984,12.052564224246076,3.0988911998189757,1.0
1985,10.24353377591508,2.216684215053884,1.0
1986,11.258489583337942,3.3489611578611154,0.0
1987,10.996716013350488,3.7123844814446123,1.0
1988,8.482320512126975,3.57059643586439,1.0
1989,11.841640754053962,3.410043541450996,1.0
1990,9.383255958114429,2.336299818295747,0.0
1991,8.487421822594198,2.3420043031874975,1.0
1992,8.550066466753991,3.964236923433612,0.0
1993,12.293281981215044,3.4491287511595736,1.0
1994,12.384327954183943,3.423408183381901,0.0
1995,11.805097725404117,2.0864110679747814,1.0
1996,10.11277754172664,2.413306042490311,0.0
1997,11.557418145987544,3.9395363630389615,0.0
1998,8.194011686825817,3.840556515721654,1.0
1999,10.241410092556542,3.006356174041332,0.0
